learning evaluation instances,evaluation time (cpu seconds),model cost (RAM-Hours),classified instances,classifications correct (percent),Kappa Statistic (percent),Kappa Temporal Statistic (percent),Kappa M Statistic (percent),F1 Score (percent),Precision (percent),Recall (percent),model training instances,model serialized size (bytes),Change detected
100.0,0.005677,3.125274346934424E-11,100.0,77.0,53.59160613397902,51.06382978723404,52.083333333333336,77.2511864870827,77.91088692728036,76.6025641025641,100.0,3224.0,0.0
200.0,0.012342,6.811010340849557E-11,200.0,75.0,49.934915390007006,49.494949494949495,46.80851063829787,75.14996554160143,75.36364561082291,74.93749374937494,95.0,3320.0,1.0
300.0,0.022141,1.2229844099945492E-10,300.0,76.66666666666667,53.30012453300126,51.38888888888889,48.90510948905111,76.6714455971992,76.63584637268848,76.70707791050097,63.0,3320.0,1.0
400.0,0.030749,1.699005646838082E-10,400.0,77.0,53.98044168771728,49.72677595628416,51.06382978723404,77.07713307815587,77.17509002543376,76.97942448561214,95.0,3320.0,1.0
500.0,0.043563,2.4076181153456366E-10,500.0,76.8,53.588861326718416,50.638297872340424,50.847457627118644,76.8365767119399,76.88478522681655,76.78842861485784,57.0,3320.0,2.0
600.0,0.05232,2.8918790320555365E-10,600.0,78.0,56.017104459376924,53.02491103202848,52.517985611510795,78.03096860653957,78.0347077853498,78.02722978605168,157.0,3320.0,0.0
700.0,0.055605,3.0735390881697334E-10,700.0,78.57142857142857,57.14565579390734,54.68277945619335,54.40729483282675,78.57702673968757,78.57562695924764,78.57842657000099,257.0,3320.0,0.0
800.0,0.058179,3.2158809403578437E-10,800.0,79.5,58.980259249763954,56.49867374005305,55.91397849462366,79.49160585521051,79.48496727122681,79.49824554819583,357.0,3320.0,0.0
900.0,0.060973,3.370388762818442E-10,900.0,79.33333333333333,58.66850362206124,56.54205607476636,56.74418604651162,79.33685941597403,79.33685941597403,79.33685941597403,88.0,3320.0,1.0
1000.0,0.064036,3.539772248930401E-10,1000.0,79.7,59.400000000000006,56.900212314225065,57.53138075313808,79.70148512084077,79.70297029702971,79.7,13.0,3320.0,1.0
1100.0,0.067754,3.7453771465354495E-10,1100.0,80.0909090909091,60.18234469626847,57.965451055662186,58.285714285714285,80.09241583149732,80.09316195236774,80.09166972452802,113.0,3320.0,0.0
1200.0,0.071429,3.948604149950875E-10,1200.0,80.66666666666666,61.33601833206027,58.86524822695035,59.369527145359015,80.67226890756302,80.67226890756302,80.67226890756302,213.0,3320.0,0.0
1300.0,0.074096,4.096088889572355E-10,1300.0,80.38461538461539,60.77090206807758,58.128078817734,58.67098865478121,80.3898026814972,80.38703325001893,80.39257230380262,69.0,3320.0,1.0
1400.0,0.077308,4.2737120555506806E-10,1400.0,80.35714285714286,60.7210192538422,58.64661654135339,58.89387144992527,80.37169582788998,80.37464071073947,80.36875116083037,24.0,3320.0,1.0
1500.0,0.082054,4.536165214247173E-10,1500.0,79.4,58.808787458675496,56.783216783216794,56.96378830083566,79.41822426103397,79.42243564092304,79.41401332773863,71.0,3320.0,3.0
1600.0,0.084563,4.674912575218412E-10,1600.0,79.875,59.75704251755942,58.01825293350716,58.07291666666665,79.88982156899014,79.89290470206501,79.88673867386738,171.0,3320.0,0.0
1700.0,0.08766,4.846176256736118E-10,1700.0,79.47058823529412,58.94288126444576,57.59416767922235,57.23039215686274,79.4748877986486,79.47303149797021,79.47674418604652,35.0,3320.0,2.0
1800.0,0.090659,5.012020551496081E-10,1800.0,79.44444444444444,58.88888888888888,57.4223245109321,57.076566125290014,79.44800756112103,79.44444444444444,79.45157099742653,87.0,3320.0,2.0
1900.0,0.09411,5.202860385179519E-10,1900.0,78.94736842105263,57.90033458155149,56.75675675675676,56.33187772925764,78.95793116613609,78.9586371675924,78.95722517730496,18.0,3320.0,3.0
2000.0,0.096708,5.346529434124628E-10,2000.0,79.14999999999999,58.30708779507483,57.44897959183673,56.83229813664595,79.16417259609767,79.16692924255109,79.16141614161415,118.0,3320.0,0.0
2100.0,0.09965,5.509221636586718E-10,2100.0,78.85714285714286,57.72118837740777,57.01839303000968,56.2992125984252,78.87085789583406,78.87379148157827,78.8679245283019,58.0,3320.0,1.0
2200.0,0.102668,5.676116628779304E-10,2200.0,78.86363636363637,57.73167422235371,57.221711131554756,56.21468926553674,78.87214780370968,78.8707756469648,78.87352000819968,72.0,3320.0,1.0
2300.0,0.105526,5.834163642591899E-10,2300.0,78.8695652173913,57.74181450856807,57.33099209833187,56.294964028776974,78.87527381501027,78.87352699203912,78.87702071535743,76.0,3320.0,1.0
2400.0,0.108165,5.980099985996882E-10,2400.0,79.16666666666666,58.33738386545752,57.87700084245998,56.97074010327021,79.17452629123115,79.17355371900827,79.17549888734857,176.0,3320.0,0.0
2500.0,0.110818,6.126810527510112E-10,2500.0,79.56,59.12198830648876,58.88978278358808,58.183306055646476,79.56599906860542,79.56926368268125,79.56273472240356,276.0,3320.0,0.0
2600.0,0.113712,6.286848336458205E-10,2600.0,79.88461538461539,59.76980208565086,59.52012383900929,58.9159465828751,79.89042858210067,79.89551468429477,79.88534312742198,376.0,3320.0,0.0
2700.0,0.116361,6.433337678511937E-10,2700.0,80.55555555555556,61.104580522161754,60.61515378844712,59.984756097560975,80.55753242326256,80.56654865857301,80.54851820574743,476.0,3320.0,0.0
2800.0,0.119436,6.603384763002395E-10,2800.0,80.64285714285714,61.281150992795574,61.063218390804586,60.263929618768316,80.64586230493592,80.65399602125876,80.63773022897,84.0,3320.0,2.0
2900.0,0.122444,6.769726756546231E-10,2900.0,80.89655172413794,61.789923061372534,61.71389080856946,60.875706214689274,80.90157753009379,80.91039963831483,80.89275734550945,184.0,3320.0,0.0
3000.0,0.12519,6.921580185492832E-10,3000.0,81.13333333333334,62.25539361089179,62.241494329553035,61.09965635738832,81.13237713374318,81.14281596771869,81.12194098528543,90.0,3320.0,1.0
3100.0,0.127793,7.065525733762315E-10,3100.0,81.35483870967742,62.69825011949551,62.66149870801034,61.59468438538207,81.35500269469141,81.367147922999,81.34286109154607,190.0,3320.0,0.0
3200.0,0.130333,7.205987390544678E-10,3200.0,81.625,63.241226714657294,63.088512241054616,62.25930680359435,81.62775909476461,81.6403685836724,81.6151535003678,290.0,3320.0,0.0
3300.0,0.132793,7.342025058137044E-10,3300.0,81.9090909090909,63.81315752930986,63.77427184466019,62.96526054590571,81.91296410571208,81.92283264528422,81.90309794340989,390.0,3320.0,0.0
3400.0,0.135245,7.477620326810411E-10,3400.0,82.29411764705883,64.58034247077896,64.39976345357778,63.66928183464092,82.29589630307423,82.30663004469709,82.28516536069574,490.0,3320.0,0.0
3500.0,0.137792,7.618469082646897E-10,3500.0,82.54285714285714,65.08058326937835,64.88505747126436,64.28988895382817,82.54680390032482,82.55703771473381,82.53657262277952,590.0,3320.0,0.0
3600.0,0.140659,7.777013795243367E-10,3600.0,82.75,65.49716736003634,65.21008403361344,64.79591836734694,82.7534424126557,82.76049572710801,82.74639030034714,16.0,3320.0,1.0
3700.0,0.143157,7.915152857700981E-10,3700.0,83.0,65.99999999999999,65.68466993998908,65.34435261707988,83.00660211585881,83.01320528211285,83.0,116.0,3320.0,0.0
3800.0,0.146101,8.077955659892821E-10,3800.0,83.02631578947368,66.05161594862118,65.80063626723224,65.35982814178303,83.03079082355289,83.03668020430604,83.02490227814972,59.0,3320.0,2.0
3900.0,0.148738,8.223781403568053E-10,3900.0,83.12820512820512,66.25328630027026,65.95964821520951,65.49554273728367,83.13229109364521,83.14044968062635,83.12413410771411,159.0,3320.0,0.0
4000.0,0.151484,8.375634832514654E-10,4000.0,83.2,66.3935727707924,66.06060606060605,65.53846153846153,83.20216792645024,83.21203362486457,83.1923045671319,20.0,3320.0,1.0
4100.0,0.154343,8.533737146192124E-10,4100.0,83.02439024390243,66.04474059971442,65.6635421805624,65.286783042394,83.02866010126911,83.03809523809524,83.01922710831906,100.0,3320.0,1.0
4200.0,0.156966,8.678788691759107E-10,4200.0,83.21428571428572,66.42103329318829,66.00771456123434,65.55935515388373,83.2156752619612,83.22585220020535,83.20550081230458,200.0,3320.0,0.0
4300.0,0.159635,8.826384031110337E-10,4300.0,83.37209302325581,66.73808413095577,66.20982986767486,65.93616007622677,83.37398652069881,83.38320679889628,83.36476828138022,300.0,3320.0,0.0
4400.0,0.162621,8.991509427626925E-10,4400.0,83.43181818181819,66.85528170323926,66.42100414555505,66.01398601398603,83.43345062893138,83.44492739149251,83.42197702289445,51.0,3320.0,1.0
4500.0,0.165074,9.127159996165167E-10,4500.0,83.6888888888889,67.36725794863648,67.01123595505618,66.49931538110452,83.69007614693064,83.70355461462479,83.67660201931125,151.0,3320.0,0.0
4600.0,0.167916,9.284322212139763E-10,4600.0,83.69565217391305,67.38236995350903,67.11968434896977,66.54772524531668,83.69628434894547,83.70724651444534,83.68532505424456,104.0,3320.0,1.0
4700.0,0.170686,9.437502837843362E-10,4700.0,83.61702127659575,67.2238580607392,66.9811320754717,66.36085626911316,83.61680257208725,83.62800970761184,83.60559843993578,111.0,3320.0,1.0
4800.0,0.173902,9.615347203281188E-10,4800.0,83.4375,66.86728053654166,66.63869072597566,66.06914212548016,83.43805774869814,83.44745798457649,83.42865963042728,69.0,3320.0,3.0
4900.0,0.176608,9.76498863763279E-10,4900.0,83.36734693877551,66.72288542206564,66.44709757101688,65.82809224318657,83.36611884306132,83.37763542860401,83.35460543854973,83.0,3320.0,1.0
5000.0,0.17917,9.9066668914424E-10,5000.0,83.48,66.95256036038832,66.65320952765441,66.20294599018003,83.48195138550412,83.4927998685776,83.47110572121969,183.0,3320.0,0.0
5100.0,0.182373,1.0083792358636851E-9,5100.0,83.23529411764706,66.46579210867529,65.99045346062053,65.80000000000001,83.23854423299532,83.24779769847797,83.22929282443452,62.0,3320.0,2.0
5200.0,0.184998,1.0228954503933583E-9,5200.0,83.28846153846153,66.57291776085594,66.14725360342811,65.92156862745098,83.29020526931717,83.29683336776633,83.28357822560662,162.0,3320.0,0.0
5300.0,0.187963,1.0392918603287797E-9,5300.0,83.26415094339623,66.52304854389396,66.13211149293625,65.83204930662558,83.26512819022615,83.27224319346426,83.25801440273398,28.0,3320.0,2.0
5400.0,0.190915,1.0556163804398638E-9,5400.0,83.12962962962963,66.25379691088544,65.89292399850244,65.55765595463137,83.13035609664749,83.1373595539928,83.1233538191396,35.0,3320.0,2.0
5500.0,0.193547,1.0701713048749495E-9,5500.0,82.96363636363637,65.92267651306358,65.62729273661041,65.27057079318013,82.96536970090523,82.97258860416198,82.95815205367848,50.0,3320.0,1.0
5600.0,0.19645,1.0862248556481463E-9,5600.0,82.92857142857143,65.85226025302853,65.52470248827984,65.18572469045884,82.92949154561035,82.93604596632765,82.92293816080051,18.0,3320.0,2.0
5700.0,0.199103,1.1008959097994695E-9,5700.0,82.71929824561404,65.43194887093092,65.1080410910379,64.73326172574293,82.72081303681084,82.72999592606504,82.71163218590065,24.0,3320.0,1.0
5800.0,0.201671,1.1150969150993556E-9,5800.0,82.62068965517241,65.23831647949007,64.97567755385685,64.65638148667603,82.62291416511901,82.62888956744408,82.61693962696754,66.0,3320.0,1.0
5900.0,0.20416,1.1288610514667297E-9,5900.0,82.69491525423729,65.38772255018117,65.12978142076503,64.85370051635113,82.69733552921625,82.70242586776932,82.69224581724582,166.0,3320.0,0.0
6000.0,0.206606,1.1423873984151414E-9,6000.0,82.85,65.69866605923565,65.56224899598394,65.21298174442191,82.85270823172381,82.85718255070853,82.84823439594282,266.0,3320.0,0.0
6100.0,0.208934,1.1552612069580288E-9,6100.0,83.0,65.99835520127283,65.86570111915732,65.50232867598136,83.00215989401866,83.00645161290323,82.99786861890439,366.0,3320.0,0.0
6200.0,0.211314,1.168422574798266E-9,6200.0,83.06451612903226,66.12784796638051,65.90909090909092,65.65260058881258,83.06591298033165,83.0688380260435,83.0629881406078,466.0,3320.0,0.0
6300.0,0.21365,1.1813406232330533E-9,6300.0,83.22222222222221,66.44369367598851,66.33757961783438,66.00192988099067,83.22345581974172,83.22568767613289,83.22122408305034,566.0,3320.0,0.0
6400.0,0.216329,1.1961554570330512E-9,6400.0,83.203125,66.40581694998411,66.33260256811776,65.99177475482442,83.20427206261809,83.20601185028369,83.20253234770679,76.0,3320.0,1.0
6500.0,0.218795,1.2097924037112128E-9,6500.0,83.26153846153846,66.52299134871163,66.39901173563929,66.13756613756615,83.26256010272249,83.26370643711172,83.26141379989716,176.0,3320.0,0.0
6600.0,0.22117,1.2229261216190124E-9,6600.0,83.33333333333334,66.66678910270304,66.61608497723824,66.25766871165645,83.33413531380494,83.33474140464297,83.333529231783,276.0,3320.0,0.0
6700.0,0.223603,1.2363805787430868E-9,6700.0,83.43283582089552,66.8658842197671,66.78635547576302,66.39418710263398,83.43366306661292,83.43412186727423,83.43320427099741,376.0,3320.0,0.0
6800.0,0.22648,1.2522903498676086E-9,6800.0,83.41176470588235,66.8235782006203,66.82352941176471,66.38855780691298,83.41225733678553,83.41267355213292,83.41184112559179,36.0,3320.0,2.0
6900.0,0.228943,1.2659107065863078E-9,6900.0,83.43478260869566,66.86950398059967,66.84073107049609,66.41198942109904,83.43537140733022,83.43604982550855,83.43469300018424,136.0,3320.0,0.0
7000.0,0.231494,1.2800177021159065E-9,7000.0,83.51428571428572,67.0283372624769,67.02857142857144,66.53132250580047,83.5150934039322,83.51623160414523,83.51395523474264,236.0,3320.0,0.0
7100.0,0.233883,1.293228839834531E-9,7100.0,83.59154929577464,67.18317150336821,67.22925457102671,66.66666666666666,83.59270663612263,83.5937502479821,83.59166305032042,336.0,3320.0,0.0
7200.0,0.236199,1.3060362885395686E-9,7200.0,83.73611111111111,67.47282457732264,67.54434589800444,66.83659020107618,83.73766311021231,83.7377034608091,83.7376227596544,436.0,3320.0,0.0
7300.0,0.238586,1.3192363662852182E-9,7300.0,83.83561643835617,67.67169878279856,67.75956284153004,66.96528555431131,83.83714978323917,83.83649957109947,83.83780000546469,536.0,3320.0,0.0
7400.0,0.241643,1.3361415349774891E-9,7400.0,83.75675675675676,67.51337113237895,67.53983256818795,66.75884955752213,83.75765220995248,83.75654748182542,83.7587569672221,78.0,3320.0,2.0
7500.0,0.24448,1.3518301066425113E-9,7500.0,83.72,67.43908308457968,67.51795690343178,66.66666666666667,83.72007031061908,83.71893728191777,83.72120336998897,66.0,3320.0,1.0
7600.0,0.247158,1.3666394104560218E-9,7600.0,83.73684210526315,67.47263675734709,67.50788643533122,66.72947510094211,83.7366174517368,83.73575765550363,83.73747726562688,18.0,3320.0,1.0
7700.0,0.249624,1.3802763571341834E-9,7700.0,83.72727272727273,67.45427318805028,67.54726754726755,66.71978751660026,83.72796602562205,83.72689085041347,83.72904122844463,118.0,3320.0,0.0
7800.0,0.25255,1.3964570975965925E-9,7800.0,83.67948717948718,67.35774249468717,67.43412637503198,66.54402102496715,83.67967844232018,83.67803424685815,83.68132270239728,21.0,3320.0,2.0
7900.0,0.254985,1.4099226146936417E-9,7900.0,83.73417721518987,67.46727435014347,67.53410813542193,66.70121793210677,83.73420909871757,83.73294098102434,83.73547725482211,121.0,3320.0,0.0
8000.0,0.257324,1.4228572530878914E-9,8000.0,83.775,67.54926985857182,67.5986020968547,66.85393258426966,83.77497691987345,83.77417896761071,83.7757748873374,221.0,3320.0,0.0
8100.0,0.259614,1.435520922144254E-9,8100.0,83.79012345679013,67.57937327132973,67.59624876604146,66.86017163048965,83.79014090948029,83.78912424093869,83.79115760269403,321.0,3320.0,0.0
8200.0,0.262214,1.4498988870117399E-9,8200.0,83.73170731707317,67.46143057503505,67.3679060665362,66.69163545568038,83.73097216805375,83.72991262316415,83.73203173975934,42.0,3320.0,1.0
8300.0,0.264886,1.4646750109063253E-9,8300.0,83.74698795180723,67.4901251186089,67.38394584139265,66.65018541409147,83.74518113201034,83.74420036118902,83.74616192580456,142.0,3320.0,0.0
8400.0,0.267379,1.4784612672196492E-9,8400.0,83.82142857142857,67.63724319524815,67.55014326647564,66.74008810572687,83.8186992722495,83.81774149351614,83.81965707287202,242.0,3320.0,0.0
8500.0,0.270392,1.4951231165064705E-9,8500.0,83.56470588235294,67.12441740630382,67.02855794194005,66.25603864734299,83.56225424227269,83.56157128485286,83.56293721085638,20.0,3320.0,3.0
8600.0,0.272958,1.5093130618333815E-9,8600.0,83.5813953488372,67.15618285560966,67.15515236101417,66.26851409460104,83.57809506143819,83.57831666031596,83.57787346373551,120.0,3320.0,0.0
8700.0,0.275723,1.524603474471304E-9,8700.0,83.64367816091955,67.27949890569573,67.25724804417855,66.37523629489604,83.63979303114209,83.64063323726512,83.63895284189935,220.0,3320.0,0.0
8800.0,0.278147,1.5380081617169908E-9,8800.0,83.77272727272728,67.5375133090409,67.49374004097429,66.65109761793555,83.76884391439934,83.77004776764336,83.7676400957558,320.0,3320.0,0.0
8900.0,0.280547,1.5512801292869778E-9,8900.0,83.84269662921349,67.6767993106108,67.66359343377559,66.79750634957286,83.83861851080893,83.84061498674046,83.8366221299583,420.0,3320.0,0.0
9000.0,0.283431,1.5672286103169121E-9,9000.0,83.78888888888889,67.56772297110186,67.53449043168669,66.63617653784588,83.78400255703954,83.78572736985814,83.78227781523344,42.0,3320.0,2.0
9100.0,0.28587,1.5807162473599114E-9,9100.0,83.73626373626374,67.46054591191822,67.42240810037421,66.5082597872822,83.73066756906181,83.73382321948432,83.72751215648235,142.0,3320.0,0.0
9200.0,0.288278,1.5940324548217982E-9,9200.0,83.81521739130436,67.62100263989946,67.5881584675664,66.75597231524894,83.81100097894702,83.81417784505106,83.80782435366369,242.0,3320.0,0.0
9300.0,0.290561,1.6066574139727483E-9,9300.0,83.87096774193549,67.73259961351287,67.72805507745268,66.87279151943464,83.86675118340149,83.86975944705561,83.86374313554208,342.0,3320.0,0.0
9400.0,0.292856,1.6193487329615483E-9,9400.0,84.0,67.99187552947458,68.02721088435374,67.18306785948069,83.99645824002788,83.99950022821673,83.99341647215834,442.0,3320.0,0.0
9500.0,0.295139,1.6319736921124983E-9,9500.0,84.11578947368422,68.22439642866644,68.23157894736842,67.45038826574633,84.11267092674221,84.11541202667668,84.1099300054524,542.0,3320.0,0.0
9600.0,0.297498,1.645018930236498E-9,9600.0,84.16666666666667,68.3270881059577,68.35311263793463,67.56987411990613,84.16378437176593,84.16559973267425,84.16196908916665,642.0,3320.0,0.0
9700.0,0.300122,1.6595296147796838E-9,9700.0,84.16494845360825,68.32265714123886,68.34947455182362,67.54015215553677,84.16161917648449,84.16376913827355,84.1594693245341,71.0,3320.0,1.0
9800.0,0.302435,1.6723204735252588E-9,9800.0,84.21428571428572,68.42046412915003,68.45432300163134,67.629211132036,84.21067758417838,84.21351033533854,84.20784502358646,171.0,3320.0,0.0
9900.0,0.305004,1.6865270088116323E-9,9900.0,84.26262626262626,68.51603830264945,68.54431657581264,67.70984455958549,84.25864873733242,84.26225729156744,84.2550404921588,271.0,3320.0,0.0
10000.0,0.307343,1.699461647205882E-9,10000.0,84.34,68.6716879722528,68.6737347469494,67.90325886452142,84.33654761514072,84.34019673072632,84.33289881531127,371.0,3320.0,0.0
10100.0,0.309852,1.713336383303006E-9,10100.0,84.46534653465346,68.92232363567217,68.95528294420261,68.16152597402598,84.46189805083215,84.46566745510084,84.45812898297882,471.0,3320.0,0.0
10200.0,0.312149,1.726038762264781E-9,10200.0,84.54901960784314,69.0906713634161,69.10409723583611,68.37881219903691,84.5462951518166,84.55038461538462,84.54220608382109,571.0,3320.0,0.0
10300.0,0.31456,1.7393715596861305E-9,10300.0,84.64077669902913,69.27447398663521,69.34108527131782,68.56745479833103,84.63799224203994,84.64154556705591,84.63443921535473,671.0,3320.0,0.0
10400.0,0.316955,1.75261587732368E-9,10400.0,84.70192307692308,69.39845919621946,69.51523280321902,68.74263261296662,84.69976942761257,84.70239366842657,84.69714534940147,771.0,3320.0,0.0
10500.0,0.319303,1.7656002855963173E-9,10500.0,84.73333333333333,69.46058371354513,69.59984828370948,68.78286270691335,84.73082195332621,84.73358156954968,84.72806251684808,871.0,3320.0,0.0
10600.0,0.321955,1.7802658097611529E-9,10600.0,84.73584905660377,69.46532920483486,69.6150234741784,68.78255836388192,84.73322128477069,84.73611543832061,84.73032732891308,79.0,3320.0,1.0
10700.0,0.324797,1.7959820313586125E-9,10700.0,84.56074766355141,69.11502105428686,69.31649331352155,68.44919786096257,84.55847689598548,84.56234163390126,84.55461251131246,49.0,3320.0,2.0
10800.0,0.327149,1.8089885595771998E-9,10800.0,84.62962962962963,69.25241697303629,69.45722171113157,68.57845920878289,84.62715895393912,84.63110258461317,84.62321569077767,149.0,3320.0,0.0
10900.0,0.329423,1.8215637488497626E-9,10900.0,84.63302752293578,69.25927402620721,69.47886297376093,68.59178698668667,84.63061745357537,84.6346101487541,84.62662513509507,249.0,3320.0,0.0
11000.0,0.331863,1.8350569158792492E-9,11000.0,84.70909090909092,69.41219975450406,69.63898916967509,68.78247958426132,84.70721100276873,84.71125077200105,84.70317161882068,349.0,3320.0,0.0
11100.0,0.334242,1.848212753732999E-9,11100.0,84.7927927927928,69.58061320956124,69.78159684926604,68.98769061179496,84.79130319214325,84.79481448586104,84.78779218921385,449.0,3320.0,0.0
11200.0,0.336537,1.860904072721799E-9,11200.0,84.83928571428572,69.67364339562322,69.89895408615494,69.09355660720787,84.83799747547252,84.84183102503712,84.83416427232756,549.0,3320.0,0.0
11300.0,0.338862,1.8737612913052237E-9,11300.0,84.90265486725663,69.80009895669366,70.01757469244288,69.21688920967158,84.90130947602825,84.90540389449819,84.89721545243196,649.0,3320.0,0.0
11400.0,0.341172,1.886535560091336E-9,11400.0,85.0,69.99416968892724,70.22980501392757,69.39323429389653,84.99832633321095,85.00261911314948,84.9940339868362,749.0,3320.0,0.0
11500.0,0.343599,1.8999568372964856E-9,11500.0,85.0695652173913,70.13406282321175,70.31466113416322,69.56213437333807,85.06820337057094,85.07211766539709,85.06428943593328,849.0,3320.0,0.0
11600.0,0.345984,1.91314585506916E-9,11600.0,85.10344827586206,70.20272989421589,70.36528897273196,69.67356967356967,85.10266972249157,85.10647926952748,85.09886051648722,949.0,3320.0,0.0
11700.0,0.348314,1.9260307235850224E-9,11700.0,85.16239316239316,70.31949678167496,70.47116856608265,69.75082767032583,85.16103319673736,85.1652467502387,85.15682006014684,1049.0,3320.0,0.0
11800.0,0.350578,1.9385506129927102E-9,11800.0,85.23728813559323,70.47083019782114,70.62889900522677,69.96551724137933,85.23668079626185,85.24027504667711,85.23308684894491,1149.0,3320.0,0.0
11900.0,0.352927,1.951540551251835E-9,11900.0,85.32773109243698,70.65289573801864,70.80755726467147,70.2047781569966,85.32769549056692,85.33073952826922,85.32465167003924,1249.0,3320.0,0.0
12000.0,0.355423,1.9653433975246215E-9,12000.0,85.39166666666667,70.7809471106807,70.94796155120981,70.34342750803586,85.39165400102769,85.39452065938258,85.3887875351314,1349.0,3320.0,0.0
12100.0,0.357786,1.9784107555945714E-9,12100.0,85.47107438016529,70.93922700240063,71.10928512736237,70.48354600402955,85.4709240179765,85.474250503552,85.46759779131115,1449.0,3320.0,0.0
12200.0,0.360131,1.9913785739077462E-9,12200.0,85.54918032786885,71.09539173843656,71.2257222131549,70.63624250499669,85.54884305277346,85.55195661791866,85.54572971424929,1549.0,3320.0,0.0
12300.0,0.362774,2.0059943281941945E-9,12300.0,85.54471544715447,71.08633637357764,71.21113989637306,70.61157024793388,85.54399725709825,85.54664216265206,85.54135251508816,71.0,3320.0,1.0
12400.0,0.365105,2.0188847266965444E-9,12400.0,85.61290322580645,71.22274531232003,71.38732959101843,70.74930316445318,85.61211398313998,85.61459721348359,85.60963089684317,171.0,3320.0,0.0
12500.0,0.367427,2.031725355320507E-9,12500.0,85.68,71.35659688873372,71.53307888040713,70.8706265256306,85.67902934780045,85.68162379588233,85.67643505683412,271.0,3320.0,0.0
12600.0,0.370195,2.047032357917892E-9,12600.0,85.5873015873016,71.17090166074233,71.32933375434166,70.68130448821441,85.58639972132578,85.58949361291657,85.58330605340309,42.0,3320.0,2.0
12700.0,0.372823,2.0615651624070276E-9,12700.0,85.5275590551181,71.05180995077818,71.2318046642667,70.58258642765685,85.5269202359367,85.52996575520864,85.52387493354448,69.0,3320.0,1.0
12800.0,0.3754,2.075815937585301E-9,12800.0,85.5,70.99649706227946,71.1622125543816,70.51628276409849,85.49916573154009,85.5021164407615,85.49621522597175,62.0,3320.0,1.0
12900.0,0.378243,2.0915376891692483E-9,12900.0,85.40310077519379,70.80276546697257,70.97718865598026,70.32308904649331,85.40224456734553,85.40505962452977,85.39942969573076,36.0,3320.0,2.0
13000.0,0.380812,2.105744224455622E-9,13000.0,85.33076923076923,70.65914952602058,70.83651934546567,70.21708574105888,85.33014725987539,85.33205029874348,85.3282443058869,57.0,3320.0,1.0
13100.0,0.38325,2.1192263315121336E-9,13100.0,85.3206106870229,70.63944889394872,70.80613329284957,70.22758941012542,85.32017277747204,85.32162638469285,85.31871921978001,157.0,3320.0,0.0
13200.0,0.385816,2.133416276839045E-9,13200.0,85.22727272727273,70.45326278971386,70.61925568781076,70.06907137375288,85.22699534664088,85.22811142797575,85.22587929453633,95.0,3320.0,1.0
13300.0,0.388166,2.146411745084657E-9,13300.0,85.203007518797,70.40460428301947,70.58735615005232,70.00914355379457,85.20261422080196,85.20368416443955,85.20154430403562,195.0,3320.0,0.0
13400.0,0.390822,2.1610993891954427E-9,13400.0,85.21641791044776,70.43146970078324,70.60830860534125,70.03932244404113,85.21602082922554,85.21702701175118,85.21501467046022,43.0,3320.0,1.0
13500.0,0.393611,2.176522521509065E-9,13500.0,85.16296296296296,70.32423249392558,70.51810420959669,69.90685096153845,85.16235744629125,85.16337043050906,85.16134448617126,51.0,3320.0,2.0
13600.0,0.395919,2.1892857303222028E-9,13600.0,85.1985294117647,70.39560677413847,70.59596844872917,70.0,85.19808087685792,85.19909829630488,85.19706348171003,151.0,3320.0,0.0
13700.0,0.398318,2.2025521679057023E-9,13700.0,85.24817518248176,70.49495442056187,70.65485697691304,70.09912708980619,85.2476759209143,85.24851392509201,85.2468379332118,251.0,3320.0,0.0
13800.0,0.400645,2.215420446462102E-9,13800.0,85.2536231884058,70.50570010979781,70.65609228550828,70.10430439253709,85.25308147446403,85.25403487769081,85.252128092561,351.0,3320.0,0.0
13900.0,0.403664,2.2321154756678484E-9,13900.0,85.1726618705036,70.34343146743507,70.49391553328562,69.91240875912409,85.17187631537394,85.17274034328246,85.17101230499534,17.0,3320.0,3.0
14000.0,0.406233,2.246322010954222E-9,14000.0,85.15714285714286,70.3117337351529,70.49133768815676,69.84910040626812,85.15607353853072,85.15721013196821,85.15493697543307,93.0,3320.0,1.0
14100.0,0.408805,2.2605451362000583E-9,14100.0,85.07801418439716,70.15303301300074,70.36202282011551,69.67425771115596,85.07679321630484,85.07821615586116,85.07537032434527,104.0,3320.0,1.0
14200.0,0.41159,2.2759461485677308E-9,14200.0,85.02816901408451,70.05377171779054,70.24492652204339,69.59382151029749,85.02712076112971,85.02833130966836,85.02591024705973,65.0,3320.0,2.0
14300.0,0.41402,2.2893840157323427E-9,14300.0,85.03496503496504,70.06666285840384,70.26125625347416,69.57634347455219,85.03360012684996,85.03505861361964,85.03214169011017,165.0,3320.0,0.0
14400.0,0.416776,2.3046246584918776E-9,14400.0,84.92361111111111,69.84344101787453,70.01795332136444,69.3404886315492,84.92213323649803,84.92407871888868,84.92018784324146,50.0,3320.0,2.0
14500.0,0.419385,2.319052393237751E-9,14500.0,84.88275862068966,69.7615080703875,69.91077556623199,69.24372106075488,84.88109390451358,84.88289922387602,84.87928866194187,84.0,3320.0,1.0
14600.0,0.421879,2.3328441795375626E-9,14600.0,84.91095890410959,69.8178954155234,69.98228641504292,69.31327482936342,84.90944604823201,84.91165635899512,84.90723585253785,184.0,3320.0,0.0
14700.0,0.424579,2.347775143053798E-9,14700.0,84.92517006802721,69.84664788885713,70.00135372952484,69.36264343978985,84.92389428800206,84.9261754099476,84.92161328859535,65.0,3320.0,1.0
14800.0,0.426902,2.3606213016642478E-9,14800.0,84.91216216216216,69.82096252504387,69.93807215939688,69.34797529169528,84.9109662232367,84.91296803652968,84.90896450432652,165.0,3320.0,0.0
14900.0,0.429191,2.3732794407341227E-9,14900.0,84.95302013422818,69.90367550883101,69.97857525441886,69.48414318769565,84.952341639726,84.95407992914046,84.95060342144615,265.0,3320.0,0.0
15000.0,0.431723,2.387281366520459E-9,15000.0,84.92666666666666,69.85068555354016,69.93351063829786,69.42115228563699,84.925916918962,84.92787953978393,84.9239543888474,46.0,3320.0,1.0
15100.0,0.434131,2.400597573982346E-9,15100.0,84.95364238410596,69.90440997346268,69.9907541936336,69.46646956054295,84.95279867446007,84.95487641320514,84.95072103734289,146.0,3320.0,0.0
15200.0,0.436483,2.4136041022009333E-9,15200.0,85.01315789473685,70.02340947183245,70.11675193493376,69.58611481975969,85.01229163662119,85.0143722943723,85.01021108071241,246.0,3320.0,0.0
15300.0,0.438795,2.426389430960021E-9,15300.0,85.05228758169935,70.10152311502567,70.17086213642887,69.66038737065536,85.05136812344708,85.05353809194101,85.049198265675,346.0,3320.0,0.0
15400.0,0.441078,2.439014390110971E-9,15400.0,85.09740259740259,70.19151716178509,70.25275437459494,69.74690218824149,85.09646939087267,85.0989207332979,85.09401818966913,446.0,3320.0,0.0
15500.0,0.44348,2.452297417653933E-9,15500.0,85.14838709677419,70.29454266766312,70.35415325177077,69.90062761506276,85.14789057092604,85.14980201707593,85.14597921059067,546.0,3320.0,0.0
15600.0,0.445895,2.4656523350212323E-9,15600.0,85.17307692307692,70.34329834059301,70.40685772773796,69.91415192507804,85.17218374922302,85.17416028285743,85.17020730732054,646.0,3320.0,0.0
15700.0,0.448601,2.4806164784563926E-9,15700.0,85.18471337579618,70.3666178979292,70.4372140315201,69.9366679591573,85.183765811767,85.18557026693475,85.18196143304391,54.0,3320.0,1.0
15800.0,0.450946,2.4935842967695674E-9,15800.0,85.19620253164557,70.38927745741066,70.48207975769813,69.94345926497044,85.19506770141825,85.19690440568563,85.19323107634176,154.0,3320.0,0.0
15900.0,0.453547,2.5079677916235407E-9,15900.0,85.22012578616352,70.43751948975657,70.51442910915935,70.01403598315683,85.2192056328423,85.2209667449083,85.21744459356245,13.0,3320.0,1.0
16000.0,0.45591,2.5210351496934906E-9,16000.0,85.1875,70.37218674654467,70.4378196332793,69.95055154050971,85.18662568558354,85.18858540160197,85.1846660597274,113.0,3320.0,0.0
16100.0,0.458247,2.5339587281147654E-9,16100.0,85.23602484472049,70.4696344903792,70.5379276152702,70.07427923958201,85.23541791378177,85.23737315275687,85.23346276450609,213.0,3320.0,0.0
16200.0,0.46063,2.547136685914465E-9,16200.0,85.29012345679013,70.577780487619,70.64547918206455,70.17895132023526,85.28943493797476,85.29131097560976,85.2875589828673,313.0,3320.0,0.0
16300.0,0.463503,2.563024337093037E-9,16300.0,85.1717791411043,70.34128104984538,70.39078770060027,69.95649471721566,85.17127631271313,85.17323546019198,85.16931725536048,21.0,3320.0,2.0
16400.0,0.466263,2.578287099798522E-9,16400.0,85.10365853658537,70.20525395095771,70.28342050845397,69.8320572980983,85.10325380840517,85.10510862532801,85.1013990723299,32.0,3320.0,2.0
16500.0,0.468816,2.5924051553010956E-9,16500.0,85.06666666666666,70.13084462104457,70.20916455084027,69.74088173891685,85.06617362576802,85.06839960487899,85.06394776314808,77.0,3320.0,1.0
16600.0,0.471442,2.6069268998172564E-9,16600.0,85.02409638554217,70.04612874108193,70.08423586040917,69.67922917428955,85.02380574087833,85.02583754636102,85.02177403249873,88.0,3320.0,1.0
16700.0,0.474106,2.621658783819942E-9,16700.0,84.9880239520958,69.97414874675998,70.00119660165129,69.61580414495212,84.98777927760082,84.98968110577417,84.9858775345406,32.0,3320.0,1.0
16800.0,0.476422,2.6344662325249794E-9,16800.0,84.98809523809524,69.97454622515042,69.99762074708542,69.62909441233141,84.9878930181265,84.98955430254559,84.98623179865211,132.0,3320.0,0.0
16900.0,0.479023,2.6488497273789528E-9,16900.0,84.99408284023669,69.98632835322617,70.03072559678563,69.62510480297041,84.99368276591542,84.99526100644157,84.99210458399953,90.0,3320.0,1.0
17000.0,0.48159,2.6630452026923512E-9,17000.0,85.03529411764706,70.06864114343769,70.11629272876775,69.6998570747975,85.03479003531794,85.03632638034459,85.03325374580434,190.0,3320.0,0.0
17100.0,0.483929,2.6759798410866012E-9,17100.0,85.046783625731,70.09196511932433,70.13896998715403,69.7468054898249,85.04646802834208,85.04790280001477,85.04503330507819,290.0,3320.0,0.0
17200.0,0.486261,2.6888757695754387E-9,17200.0,85.07558139534885,70.14960085120734,70.17197304206368,69.81065506291898,85.07532429588505,85.07680668109947,85.07384196232812,390.0,3320.0,0.0
17300.0,0.488701,2.7023689366049256E-9,17300.0,85.08670520231215,70.17186682439566,70.17341040462428,69.83161833489243,85.08638738934107,85.08774926700289,85.08502555527382,490.0,3320.0,0.0
17400.0,0.49138,2.7171837704049235E-9,17400.0,85.0632183908046,70.12436376216777,70.15045365797633,69.75797067721666,85.06273809147751,85.0644747351932,85.06100151866967,87.0,3320.0,1.0
17500.0,0.493848,2.73083177705606E-9,17500.0,85.07428571428571,70.14640383815754,70.18264840182648,69.786003470214,85.07397259014186,85.07609847021615,85.07184681630784,187.0,3320.0,0.0
17600.0,0.496187,2.74376641545031E-9,17600.0,85.06818181818183,70.1343767085331,70.177031320926,69.79310344827586,85.06817480575819,85.07053621909003,85.06581352352035,287.0,3320.0,0.0
17700.0,0.498526,2.75670105384456E-9,17700.0,85.08474576271186,70.16739698702202,70.20652296580522,69.82512287118527,85.08479616609151,85.0873677548239,85.08222473279625,387.0,3320.0,0.0
17800.0,0.500929,2.7699896113740094E-9,17800.0,85.11797752808988,70.23408665419572,70.28270136863361,69.90456714383093,85.11809889488188,85.12050061447225,85.11569731081926,487.0,3320.0,0.0
17900.0,0.503243,2.782786000106072E-9,17900.0,85.15083798882681,70.3003667874926,70.34475064152626,70.01015457520026,85.15138504974868,85.1536584280808,85.14911179279976,587.0,3320.0,0.0
18000.0,0.505626,2.7959639579057716E-9,18000.0,85.19444444444444,70.38748064907975,70.46764184397162,70.0897867564534,85.19483562546007,85.19704161641317,85.19262974874265,687.0,3320.0,0.0
18100.0,0.507925,2.8086773968405215E-9,18100.0,85.20994475138122,70.41867377987172,70.52086774584298,70.13276804641303,85.21036038959123,85.21236286344411,85.20835800985162,787.0,3320.0,0.0
18200.0,0.510746,2.8242774887217436E-9,18200.0,85.1923076923077,70.38355103789262,70.49162378188986,70.1020634568449,85.19256626581763,85.19418662625444,85.1909459670169,79.0,3320.0,1.0
18300.0,0.513132,2.8374720364809058E-9,18300.0,85.17486338797814,70.34845603344677,70.47556861464795,70.04526885282102,85.17481815822586,85.17627677155598,85.17335959485138,179.0,3320.0,0.0
18400.0,0.515508,2.850611284375193E-9,18400.0,85.20108695652175,70.40069464719232,70.54942677914775,70.08021096582794,85.20084665676355,85.20226308124509,85.19943027937519,279.0,3320.0,0.0
18500.0,0.518154,2.8652436286211037E-9,18500.0,85.21621621621621,70.43123741380835,70.59455972476076,70.13540074252019,85.21619683365259,85.21760393838672,85.21478977538565,21.0,3320.0,1.0
18600.0,0.520521,2.8783331066370033E-9,18600.0,85.15591397849462,70.31102609037978,70.50213675213676,70.0347297590623,85.15585470780798,85.15672968218841,85.15497975140785,121.0,3320.0,0.0
18700.0,0.523252,2.893435499734351E-9,18700.0,85.11229946524064,70.22394497954599,70.43330501274426,69.9546729980574,85.1122046485715,85.11284648939599,85.11156281742727,42.0,3320.0,1.0
18800.0,0.526071,2.9090245316425984E-9,18800.0,85.07446808510637,70.14845474816677,70.3758445945946,69.8959339126703,85.07443061989251,85.07495143183796,85.07390981432361,42.0,3320.0,2.0
18900.0,0.528687,2.9234909762938843E-9,18900.0,85.09523809523809,70.18975181838633,70.39411455596426,69.91991457554725,85.09517479695943,85.0959488272921,85.09440078070772,110.0,3320.0,1.0
19000.0,0.5311,2.936834833688209E-9,19000.0,85.12105263157895,70.24101052803273,70.45668303898005,69.94471613863493,85.12086506493563,85.12189423522865,85.11983591952877,210.0,3320.0,0.0
19100.0,0.53337,2.9493879030148215E-9,19100.0,85.1413612565445,70.28159148492688,70.5050924963625,69.9904832399281,85.14127742428023,85.14251049944536,85.14004438483056,310.0,3320.0,0.0
19200.0,0.536428,2.96629860169358E-9,19200.0,85.06770833333334,70.13434531407997,70.36998759818108,69.84644509886412,85.0676294962025,85.06879487530827,85.06646414902595,78.0,3320.0,3.0
19300.0,0.538884,2.9798802485068665E-9,19300.0,85.06217616580311,70.12340908827316,70.35170711641298,69.84625039221838,85.06215658665381,85.06325438345115,85.06105881819165,178.0,3320.0,0.0
19400.0,0.54126,2.9930194964011538E-9,19400.0,85.07731958762886,70.15395527609284,70.38060159607119,69.90018714909544,85.07742521870274,85.07838431013471,85.07646614889426,278.0,3320.0,0.0
19500.0,0.543576,3.005826945106191E-9,19500.0,85.08717948717948,70.17378794260677,70.39299531663613,69.92761116856256,85.08725127388868,85.08803083604046,85.08647172602116,378.0,3320.0,0.0
19600.0,0.546526,3.0221404052443E-9,19600.0,85.01530612244898,70.02987703446784,70.23109669572267,69.76839938239834,85.0153076874929,85.01618547987641,85.0144299132356,14.0,3320.0,3.0
19700.0,0.548851,3.034997623827725E-9,19700.0,84.95939086294416,69.91816534631357,70.11899959661153,69.66625716625717,84.95941580828459,84.96018278524487,84.95864884517195,114.0,3320.0,0.0
19800.0,0.551234,3.0481755816274248E-9,19800.0,84.98484848484848,69.96927229273949,70.17156616835557,69.73737785016286,84.98493617588065,84.98555818467948,84.98431417618673,214.0,3320.0,0.0
19900.0,0.55385,3.0626420262787107E-9,19900.0,84.93467336683416,69.86880134230958,70.05892339958055,69.61897040940414,84.93462933830216,84.93521370304111,84.93404498160415,35.0,3320.0,1.0
20000.0,0.556366,3.076555472281247E-9,20000.0,84.95,69.89948347513645,70.09735744089014,69.65725806451614,84.95002134950182,84.95066445094348,84.94937825779702,135.0,3320.0,0.0
20100.0,0.55875,3.089738960067434E-9,20100.0,84.96517412935324,69.9298528578516,70.11767032532384,69.68906720160483,84.96517638183765,84.96576836996354,84.96458440196089,235.0,3320.0,0.0
20200.0,0.56168,3.105941820475793E-9,20200.0,84.91584158415841,69.83112421159454,70.0245941957698,69.58778321189739,84.91587855716874,84.91659240567384,84.91516472066543,109.0,3320.0,1.0
20300.0,0.564333,3.1206128746271162E-9,20300.0,84.88177339901478,69.76323451752314,69.94712103407757,69.54450729383746,84.8818490261544,84.88231882309039,84.88137923441873,60.0,3320.0,1.0
20400.0,0.566692,3.133658112751116E-9,20400.0,84.88235294117648,69.7644353199662,69.95908825248395,69.54675619630692,84.88236853860467,84.8827105285273,84.88202655143776,160.0,3320.0,0.0
20500.0,0.569358,3.1484010567267766E-9,20500.0,84.86341463414634,69.72651461134043,69.8913254414904,69.5036855036855,84.86341675643703,84.863792235043,84.86304128115366,39.0,3320.0,1.0
20600.0,0.571705,3.1613799350129263E-9,20600.0,84.88349514563107,69.76651608523674,69.93337839142609,69.53033268101763,84.8834954527902,84.88405773494658,84.88293317808302,139.0,3320.0,0.0
20700.0,0.574121,3.1747403823667132E-9,20700.0,84.92270531400966,69.84488253167756,69.99326987789635,69.60459680560966,84.92268920468442,84.92329315188647,84.92208526607247,239.0,3320.0,0.0
20800.0,0.57643,3.187509121166338E-9,20800.0,84.95192307692308,69.90343210342982,70.03924571647363,69.67641929858553,84.95194937422285,84.95247741607976,84.95142133893022,339.0,3320.0,0.0
20900.0,0.578792,3.2005709492498003E-9,20900.0,84.98564593301435,69.97073749233566,70.10574449842811,69.73379629629629,84.98567888260882,84.98638373126315,84.98497404564596,439.0,3320.0,0.0
21000.0,0.581445,3.2152420034011235E-9,21000.0,84.9952380952381,69.98998786429232,70.10720045536476,69.76007677543186,84.99528739653329,84.9959357428578,84.99463906009981,49.0,3320.0,1.0
21100.0,0.583773,3.228115811944011E-9,21100.0,85.01421800947867,70.02798362132462,70.13318220459053,69.8051948051948,85.01432465655093,85.01500481591697,85.01364450806798,149.0,3320.0,0.0
21200.0,0.586184,3.24144860936536E-9,21200.0,85.00943396226415,70.01843244999785,70.1484125493143,69.79661661281125,85.0095178488535,85.01014851305379,85.00888719401054,249.0,3320.0,0.0
21300.0,0.5885,3.2542560580703974E-9,21300.0,85.0093896713615,70.01821630453153,70.14492753623188,69.78042778724209,85.00936759553659,85.01000670452333,85.00872849615946,349.0,3320.0,0.0
21400.0,0.59079,3.26691972712676E-9,21400.0,85.02336448598132,70.04618740158898,70.18604651162792,69.80972117558403,85.02332635335577,85.02391692609386,85.02273578882182,449.0,3320.0,0.0
21500.0,0.593474,3.2817622108591956E-9,21500.0,85.00930232558139,70.01811793608867,70.13528539659005,69.78815148106486,85.00928936811611,85.00985059356898,85.0087281500735,85.0,3320.0,1.0
21600.0,0.596273,3.297240643037693E-9,21600.0,84.93981481481482,69.87903723003606,69.99907774601127,69.6406906206253,84.93979556439207,84.94047182804981,84.93911931150255,105.0,3320.0,1.0
21700.0,0.599015,3.312403865986403E-9,21700.0,84.90783410138249,69.8149097454015,69.94033960532353,69.56885337297899,84.90787137025009,84.90882222918688,84.90692053260962,51.0,3320.0,1.0
21800.0,0.602328,3.3307247112194726E-9,21800.0,84.80733944954129,69.61413465935995,69.731310546518,69.38435940099833,84.80740484272363,84.80813611475632,84.80667358330183,15.0,3320.0,4.0
21900.0,0.604972,3.345345995492408E-9,21900.0,84.81278538812785,69.6250316888091,69.72786019841631,69.39639308060362,84.81285033435914,84.81357505647944,84.81212562462409,115.0,3320.0,0.0
22000.0,0.608094,3.362610613306366E-9,22000.0,84.80909090909091,69.61748754010785,69.7063089195069,69.37036018696729,84.80902225741269,84.80974378190862,84.80830074519349,35.0,3320.0,1.0
22100.0,0.611669,3.382380314999159E-9,22100.0,84.80995475113122,69.6194287974156,69.72129521060701,69.39277899343546,84.80995402438228,84.81052093847536,84.80938711786818,135.0,3320.0,0.0
22200.0,0.614031,3.3954421430826213E-9,22200.0,84.7972972972973,69.59431474679754,69.70377019748655,69.38775510204083,84.7973111560896,84.79766066048605,84.79696165457422,235.0,3320.0,0.0
22300.0,0.616992,3.411816433072093E-9,22300.0,84.78923766816143,69.57827957629279,69.68992940755963,69.37522571325387,84.78919575503356,84.78936365486413,84.78902785586794,14.0,3320.0,1.0
22400.0,0.620047,3.428710541791389E-9,22400.0,84.70535714285714,69.41060089229444,69.50600801068092,69.22109424130805,84.70533586006283,84.70543767478958,84.70523404558084,15.0,3320.0,3.0
22500.0,0.622659,3.4431548664967247E-9,22500.0,84.6888888888889,69.37767083401883,69.48356807511736,69.19431279620854,84.68889585329708,84.6890311152195,84.68876059180673,15.0,3320.0,1.0
22600.0,0.625163,3.457001952661411E-9,22600.0,84.6637168141593,69.32735868224536,69.42753814942225,69.1472316183016,84.66370594510754,84.66377815579946,84.66363373453878,115.0,3320.0,0.0
22700.0,0.627824,3.471717246704634E-9,22700.0,84.6784140969163,69.35675397781631,69.44566458754282,69.17759659695143,84.67840337019254,84.67847497641394,84.67833176409225,19.0,3320.0,1.0
22800.0,0.630221,3.4849726243151584E-9,22800.0,84.6359649122807,69.27191421934702,69.3498993787733,69.10934744268079,84.63596044108324,84.63597176787152,84.63594911429799,119.0,3320.0,0.0
22900.0,0.632574,3.497984682520233E-9,22900.0,84.64192139737992,69.28383857751832,69.35610351137058,69.12203687445128,84.64192047781879,84.64191691064055,84.64192404499735,219.0,3320.0,0.0
23000.0,0.635521,3.5142815526988795E-9,23000.0,84.65652173913043,69.31304626271036,69.37429488848389,69.15748994930956,84.65652955165687,84.65652863447075,84.656530468843,319.0,3320.0,0.0
23100.0,0.637914,3.527514810363454E-9,23100.0,84.68831168831169,69.37660960324264,69.42427385892117,69.21135097493037,84.6883205333056,84.68834770621416,84.68829336041448,419.0,3320.0,0.0
23200.0,0.640292,3.540665118230716E-9,23200.0,84.71120689655173,69.42241106620789,69.48292179299665,69.2501083658431,84.71122113974666,84.71123958396626,84.71120269553509,519.0,3320.0,0.0
23300.0,0.642851,3.554816353652215E-9,23300.0,84.74248927038627,69.48498258778253,69.55553652479233,69.30846930846931,84.74250678079731,84.74251663610563,84.74249692549127,619.0,3320.0,0.0
23400.0,0.645203,3.5678228818708023E-9,23400.0,84.78205128205128,69.56407232605623,69.64711899079441,69.3730110948654,84.78204645359848,84.78207503849578,84.78201786872046,719.0,3320.0,0.0
23500.0,0.647512,3.580591620670427E-9,23500.0,84.80851063829788,69.61699200767723,69.70468431771894,69.42969686590169,84.80851415662485,84.8085534876437,84.80847482564249,819.0,3320.0,0.0
23600.0,0.649877,3.593670038713352E-9,23600.0,84.85593220338983,69.71183547597039,69.8116394965791,69.52592087312415,84.85593576178125,84.85597481332165,84.85589671027678,919.0,3320.0,0.0
23700.0,0.653399,3.6131466511223077E-9,23700.0,84.87763713080169,69.75526047703659,69.84941532766888,69.5703854644252,84.87764812164897,84.87767792686749,84.87761831645138,1019.0,3320.0,0.0
23800.0,0.656725,3.6315393861797148E-9,23800.0,84.92016806722688,69.84029396496155,69.9313002680965,69.64391440412754,84.92016781973945,84.92021750854653,84.92011813099052,1119.0,3320.0,0.0
23900.0,0.660083,3.6501090808047214E-9,23900.0,84.94142259414225,69.88281608395245,69.94572025052192,69.69518356348938,84.94144339886566,84.94150371355869,84.94138308425828,1219.0,3320.0,0.0
24000.0,0.662438,3.663132198982771E-9,24000.0,84.98750000000001,69.97495120929574,70.03991352070514,69.78109536190557,84.98751071378788,84.98758299726462,84.98743843043411,1319.0,3320.0,0.0
24100.0,0.664741,3.675867757863471E-9,24100.0,85.02074688796681,70.04144425851221,70.10351966873706,69.84630805212161,85.02074576553504,85.02080316786986,85.02068836327774,1419.0,3320.0,0.0
24200.0,0.667292,3.6899747533930697E-9,24200.0,85.04958677685951,70.09915394794605,70.16328550222664,69.92018623212505,85.04962485281054,85.04969188322194,85.04955782250478,1519.0,3320.0,0.0
24300.0,0.670404,3.707184071342153E-9,24300.0,85.09053497942386,70.18109096625881,70.24229979466119,69.99088876004308,85.09059789703493,85.0906103765561,85.09058541751743,1619.0,3320.0,0.0
24400.0,0.673377,3.723624721169474E-9,24400.0,85.0655737704918,70.13117623785135,70.19222903885479,69.9290311932662,85.06565596963313,85.065650315397,85.06566162387003,43.0,3320.0,2.0
24500.0,0.675835,3.7372174279557356E-9,24500.0,85.08571428571429,70.17145143045789,70.22247575584711,69.99014454664915,85.08581736796425,85.08587628773715,85.08575844827295,143.0,3320.0,0.0
24600.0,0.678343,3.751086634066372E-9,24600.0,85.11382113821139,70.22767533710453,70.25666016894088,70.04498977505114,85.11397182065912,85.11405862530215,85.11388501619315,243.0,3320.0,0.0
24700.0,0.680775,3.764535561203959E-9,24700.0,85.1417004048583,70.28342418980215,70.32904842752042,70.10670359208277,85.14184526867557,85.14194710781948,85.14174342977525,343.0,3320.0,0.0
24800.0,0.683367,3.778869286179545E-9,24800.0,85.16129032258064,70.32256037895966,70.3488840544678,70.14198782961459,85.16139727257901,85.16153630906594,85.16125823654608,443.0,3320.0,0.0
24900.0,0.68616,3.794314538439117E-9,24900.0,85.18875502008032,70.37751004016064,70.42976266837717,70.18111254851229,85.188886238743,85.18901745780991,85.18875502008032,543.0,3320.0,0.0
25000.0,0.68851,3.80731000668473E-9,25000.0,85.21600000000001,70.43189554180057,70.48866176940275,70.20796388844109,85.21607804349924,85.21630027322482,85.21585581493272,643.0,3320.0,0.0
25100.0,0.69089,3.8204713745249665E-9,25100.0,85.23107569721115,70.462044121771,70.5255625347857,70.2368526696106,85.23112954312646,85.23132717162841,85.23093191554099,743.0,3320.0,0.0
25200.0,0.693485,3.8348216894600145E-9,25200.0,85.2063492063492,70.41264231673809,70.4759642036905,70.20222204460076,85.206464859162,85.20666444395664,85.20626527530233,52.0,3320.0,1.0
25300.0,0.695802,3.84763466815154E-9,25300.0,85.20158102766798,70.4031674190076,70.47551454932575,70.20531593187968,85.20168270044019,85.20177509220798,85.20159030887275,152.0,3320.0,0.0
25400.0,0.698611,3.863168400194912E-9,25400.0,85.17716535433071,70.35434063404803,70.43580683156657,70.14747859181732,85.17726202792086,85.17734108922843,85.17718296676007,48.0,3320.0,2.0
25500.0,0.701452,3.878879091805884E-9,25500.0,85.14901960784313,70.29806296810035,70.3677621283255,70.07033905002767,85.14908867391051,85.1490961334702,85.14908121435214,71.0,3320.0,1.0
25600.0,0.704623,3.896414678957729E-9,25600.0,85.12890625,70.25783537300259,70.32041786855852,70.01181567546278,85.12898468968521,85.12895520824466,85.12901417114618,36.0,3320.0,2.0
25700.0,0.707376,3.911638731757802E-9,25700.0,85.15175097276264,70.3035262246148,70.3726708074534,70.06589268904925,85.15182442265461,85.15180909504481,85.15183975026991,136.0,3320.0,0.0
25800.0,0.709971,3.92598904669285E-9,25800.0,85.17829457364341,70.35660624821706,70.42536736272234,70.1273338020467,85.17834540320966,85.17833694738034,85.17835385904066,236.0,3320.0,0.0
25900.0,0.712887,3.942114487290384E-9,25900.0,85.18532818532819,70.37067969213507,70.44369126482822,70.14472455648928,85.18539534034912,85.18539775314784,85.18539292755054,336.0,3320.0,0.0
26000.0,0.716621,3.9627634568346885E-9,26000.0,85.17692307692307,70.35386983566609,70.43344840813194,70.1193983563343,85.17699486438372,85.17697987772408,85.17700985104861,90.0,3320.0,1.0
26100.0,0.719286,3.9775008708238615E-9,26100.0,85.19923371647509,70.3984865528485,70.46410276014987,70.1767930209218,85.19928885084734,85.19929102106083,85.19928668063397,190.0,3320.0,0.0
26200.0,0.721986,3.992431834340097E-9,26200.0,85.20229007633587,70.4045936043453,70.48344118766654,70.17692307692307,85.20233382809714,85.20232018695604,85.2023474692426,290.0,3320.0,0.0
26300.0,0.725114,4.00972963207298E-9,26300.0,85.1787072243346,70.35742730525499,70.4248861911988,70.1256897608829,85.17875433992387,85.17873399626046,85.178774683597,82.0,3320.0,2.0
26400.0,0.727661,4.023814507656629E-9,26400.0,85.18181818181819,70.36366238727993,70.42636830964622,70.14652014652015,85.18189944130324,85.1819204406279,85.18187844198894,182.0,3320.0,0.0
26500.0,0.730187,4.037783253524041E-9,26500.0,85.1811320754717,70.36227427989202,70.42476276547673,70.15957446808511,85.18119014344111,85.18122931999561,85.18115096692264,282.0,3320.0,0.0
26600.0,0.732736,4.051879189080664E-9,26600.0,85.17669172932331,70.35340524652224,70.43784675363622,70.14688067837673,85.17679817672072,85.17686290666134,85.1767334468785,382.0,3320.0,0.0
26700.0,0.735386,4.0665336532725246E-9,26700.0,85.20224719101124,70.40454785302413,70.47967722653917,70.17888142501322,85.20240912834531,85.20244201541234,85.20237624130367,482.0,3320.0,0.0
26800.0,0.739246,4.087879401114254E-9,26800.0,85.22014925373135,70.44034624804851,70.51730554521772,70.22476133203037,85.22032229437201,85.22039496743244,85.22024962143553,582.0,3320.0,0.0
26900.0,0.741756,4.101759667197865E-9,26900.0,85.24907063197026,70.49819866853177,70.5768945573187,70.27047276541545,85.24924001724847,85.24926223044413,85.24921780406439,682.0,3320.0,0.0
27000.0,0.744371,4.116220581862664E-9,27000.0,85.28148148148148,70.56301125739168,70.61520260278023,70.34328358208955,85.28163107430959,85.28166592044593,85.28159622820172,782.0,3320.0,0.0
27100.0,0.747808,4.135227145420183E-9,27100.0,85.24354243542436,70.48712666410898,70.54577594461222,70.25217585360411,85.24366785215346,85.24364568116512,85.24369002315333,52.0,3320.0,2.0
27200.0,0.750267,4.1488253821929325E-9,27200.0,85.27573529411765,70.55151835285734,70.60118916538208,70.32893762038822,85.27587599325315,85.27589268142881,85.27585930508404,152.0,3320.0,0.0
27300.0,0.752651,4.16200886997912E-9,27300.0,85.3003663003663,70.60078751050436,70.66306016521676,70.38594937642979,85.30055299567061,85.30061902250452,85.30048696893893,252.0,3320.0,0.0
27400.0,0.755098,4.175540746914019E-9,27400.0,85.33576642335767,70.67159535064125,70.73774670453717,70.44066799087764,85.33594828909008,85.33594828909008,85.33594828909008,352.0,3320.0,0.0
27500.0,0.758198,4.192683705025252E-9,27500.0,85.37090909090908,70.7418680125276,70.80763369857048,70.52531320975895,85.37106206684581,85.37109321683735,85.371030916877,452.0,3320.0,0.0
27600.0,0.76069,4.206464431352089E-9,27600.0,85.39492753623188,70.78989096390208,70.84267631103074,70.58523058960886,85.39505932072875,85.39511461403843,85.39500402749069,552.0,3320.0,0.0
27700.0,0.762995,4.2192110502057635E-9,27700.0,85.40794223826714,70.81591003624241,70.87686432740111,70.6185941702406,85.40806170975989,85.40813074573892,85.40799267389247,652.0,3320.0,0.0
27800.0,0.765278,4.231836009356714E-9,27800.0,85.431654676259,70.86333423502847,70.9114414996768,70.6691772885284,85.43179952146735,85.43189708263507,85.43170196052247,752.0,3320.0,0.0
27900.0,0.767957,4.246650843156712E-9,27900.0,85.4336917562724,70.86734982928643,70.91325508159176,70.6739789291384,85.43382058181504,85.43400266623193,85.43363849817429,39.0,3320.0,1.0
28000.0,0.770342,4.259839860929387E-9,28000.0,85.44642857142857,70.89278764196231,70.93023255813952,70.69188722669735,85.4465610179502,85.44679820480788,85.44632383240933,139.0,3320.0,0.0
28100.0,0.772717,4.2729735788371865E-9,28100.0,85.48042704626334,70.96082702494736,70.98769821517456,70.77154523963034,85.48057204141642,85.48076076690914,85.48038331675704,239.0,3320.0,0.0
28200.0,0.775247,4.286964444650548E-9,28200.0,85.49290780141844,70.98578816622995,71.01048752834468,70.79734456420871,85.49305913260812,85.49325488959335,85.49286337651935,339.0,3320.0,0.0
28300.0,0.778215,4.303377444545431E-9,28300.0,85.4487632508834,70.8975408914755,70.93039672455174,70.70707070707071,85.44888517258634,85.44898077858416,85.44878956680246,59.0,3320.0,3.0
28400.0,0.780612,4.316632822155956E-9,28400.0,85.44718309859155,70.89439997376714,70.91689536274717,70.69210041128919,85.447307661253,85.44735996040139,85.44725536216863,159.0,3320.0,0.0
28500.0,0.782911,4.329346261090706E-9,28500.0,85.44912280701755,70.89827886290824,70.90028769910882,70.69879177559527,85.44925892671017,85.44932674858133,85.44919110494665,259.0,3320.0,0.0
28600.0,0.785685,4.344686443607016E-9,28600.0,85.41258741258741,70.8252067834793,70.82925464969935,70.62592410054215,85.41271560958754,85.41277795304374,85.41265326622235,59.0,3320.0,2.0
28700.0,0.788231,4.358765789204177E-9,28700.0,85.40069686411151,70.80143966945597,70.81156391501219,70.5820403004985,85.40083123441742,85.40083123441742,85.40083123441742,33.0,3320.0,1.0
28800.0,0.790979,4.3739621920718125E-9,28800.0,85.38541666666667,70.77086208885096,70.79719697495318,70.55407863439206,85.3855028017066,85.38549042973872,85.38551517367807,133.0,3320.0,0.0
28900.0,0.793707,4.389047995209698E-9,28900.0,85.38754325259515,70.77511169875788,70.79933619139815,70.56937765697958,85.38761762438483,85.38762448828683,85.38761076048395,33.0,3320.0,1.0
29000.0,0.796076,4.402148533198573E-9,29000.0,85.37586206896552,70.7517611416482,70.78999931124731,70.54247412655414,85.37597218648715,85.37598606768594,85.37595830529287,133.0,3320.0,0.0
29100.0,0.798365,4.414806672268448E-9,29100.0,85.40206185567011,70.80417349673893,70.84019769357496,70.5857914416286,85.40220748548978,85.40220748548978,85.40220748548978,233.0,3320.0,0.0
29200.0,0.80093,4.428991087608872E-9,29200.0,85.4041095890411,70.80827272455134,70.84017515051998,70.59472885331863,85.40426923600825,85.4042891671466,85.4042493048792,333.0,3320.0,0.0
29300.0,0.803413,4.442722044057321E-9,29300.0,85.41296928327645,70.8259928033122,70.865712338105,70.60522696011004,85.41312840296169,85.41312180287235,85.41313500305203,433.0,3320.0,0.0
29400.0,0.805812,4.45598848164082E-9,29400.0,85.41836734693877,70.83678597816339,70.86646279306828,70.62088815789473,85.41851763962238,85.41852083580144,85.41851444344354,533.0,3320.0,0.0
29500.0,0.808417,4.470394096440743E-9,29500.0,85.43728813559322,70.87461803904246,70.90219452722842,70.67376612738072,85.43742662155316,85.43746994877189,85.43738329437838,633.0,3320.0,0.0
29600.0,0.810945,4.484373902281129E-9,29600.0,85.46283783783784,70.92571655806839,70.94530722484808,70.72789115646258,85.46298140526613,85.46303507587427,85.46292773472541,733.0,3320.0,0.0
29700.0,0.813696,4.499586895108226E-9,29700.0,85.45791245791246,70.91586553713755,70.93539703903096,70.7186440677966,85.45805505007537,85.4581083524672,85.45800174775005,42.0,3320.0,1.0
29800.0,0.81611,4.512936282489038E-9,29800.0,85.47986577181209,70.95978255792443,70.97920858484238,70.75560962422276,85.48002560135257,85.48006163921296,85.4799895635226,142.0,3320.0,0.0
29900.0,0.819493,4.531644226776232E-9,29900.0,85.49163879598663,70.98333835101465,70.99103918683966,70.7741022704305,85.49182289197805,85.4918508405551,85.49179494341925,242.0,3320.0,0.0
30000.0,0.822517,4.548366905914416E-9,30000.0,85.50333333333333,71.00671357136115,71.01053192907611,70.80816216941871,85.5034894107619,85.50353793232773,85.50344088925115,342.0,3320.0,0.0
30100.0,0.825299,4.563751328322626E-9,30100.0,85.51162790697674,71.02330366015576,71.04441936126419,70.81771948608136,85.51177106345577,85.51178634983982,85.51175577707717,442.0,3320.0,0.0
30200.0,0.827675,4.576890576216913E-9,30200.0,85.52649006622516,71.05302837528713,71.08935776175673,70.84445037353257,85.52663268226732,85.52663572060123,85.5266296439336,542.0,3320.0,0.0
30300.0,0.830456,4.5922694686386355E-9,30300.0,85.5016501650165,71.00334202048657,71.03580141095799,70.80287119500198,85.50177688628095,85.50179691694588,85.50175685562544,56.0,3320.0,1.0
30400.0,0.832799,4.6052262269788355E-9,30400.0,85.50986842105263,71.01977447224574,71.03307687249291,70.82588250877541,85.50999244112401,85.51002940516092,85.50995547711906,156.0,3320.0,0.0
30500.0,0.835076,4.61781800621086E-9,30500.0,85.51147540983607,71.02298371376426,71.04004194246019,70.83745792912295,85.51162019875301,85.51169845628431,85.51154194136494,256.0,3320.0,0.0
30600.0,0.837413,4.6307415846321354E-9,30600.0,85.51307189542484,71.02619206196377,71.04885057471265,70.83168838005001,85.51323628449163,85.51329173378855,85.51318083526661,356.0,3320.0,0.0
30700.0,0.839862,4.64428452154001E-9,30700.0,85.53094462540717,71.0619301483401,71.09013992840872,70.87595069499083,85.53112461713933,85.53122173070292,85.53102750379622,456.0,3320.0,0.0
30800.0,0.84301,4.661692919002643E-9,30800.0,85.50649350649351,71.01301781379453,71.04870614177314,70.83306109114669,85.5066813799907,85.50681073542815,85.50655202494465,50.0,3320.0,2.0
30900.0,0.845393,4.6748708768023425E-9,30900.0,85.51779935275081,71.03565889051515,71.07678386763186,70.8374063212773,85.51799379022017,85.51804624100056,85.51794133950412,150.0,3320.0,0.0
31000.0,0.847906,4.688767732845417E-9,31000.0,85.51935483870969,71.03876392323095,71.08348363823757,70.8430761236685,85.51953165347098,85.51958155098187,85.5194817560183,250.0,3320.0,0.0
31100.0,0.850251,4.701735551158591E-9,31100.0,85.51768488745981,71.03542068401364,71.07443324128188,70.83657083657084,85.51783989683837,85.51786457404435,85.51781521964661,350.0,3320.0,0.0
31200.0,0.852815,4.715914436512527E-9,31200.0,85.48397435897435,70.96800955915155,71.00326525385748,70.7693300632503,85.48416582570898,85.48421037060048,85.48412128086395,108.0,3320.0,1.0
31300.0,0.855554,4.731061069501775E-9,31300.0,85.49520766773163,70.99047538641399,71.02189315120955,70.80010290712633,85.49543363178209,85.49553160164365,85.49533566214507,208.0,3320.0,0.0
31400.0,0.857969,4.744415986869074E-9,31400.0,85.49681528662421,70.99369023570551,71.03237707524967,70.80394922425953,85.49703981921024,85.49713717045574,85.49694246818645,308.0,3320.0,0.0
31500.0,0.860612,4.759031741155522E-9,31500.0,85.5015873015873,71.00321387924468,71.03811275286955,70.8253481538265,85.50182340338274,85.50198476824553,85.50166203912902,34.0,3320.0,1.0
31600.0,0.862983,4.772143339117372E-9,31600.0,85.50949367088607,71.01903284945969,71.08486991664562,70.83996688530853,85.50974749990931,85.50991371295797,85.50958128750682,134.0,3320.0,0.0
31700.0,0.865528,4.786217154728046E-9,31700.0,85.49842271293375,70.99691492544343,71.06985525487727,70.80713786753033,85.49868701037494,85.49880379857785,85.49857022249108,89.0,3320.0,1.0
31800.0,0.867885,4.799251332879071E-9,31800.0,85.5188679245283,71.03780481484712,71.09590760733114,70.84889535987845,85.51913064501878,85.51924676669147,85.51901452366143,189.0,3320.0,0.0
31900.0,0.870175,4.811915001935434E-9,31900.0,85.53918495297805,71.07843197757938,71.12001502535529,70.89222614840989,85.53942728121149,85.53953869064279,85.53931587207038,289.0,3320.0,0.0
32000.0,0.872529,4.824932590126996E-9,32000.0,85.559375,71.11880843928606,71.16200698951573,70.93162231867649,85.55958486485578,85.55966633274691,85.5595033971198,389.0,3320.0,0.0
32100.0,0.875712,4.842534537116691E-9,32100.0,85.49221183800623,70.98446940656794,71.02053515868077,70.79701511256035,85.49236208032966,85.49240651435402,85.49231764635148,39.0,3320.0,3.0
32200.0,0.878149,4.856011114186716E-9,32200.0,85.49068322981367,70.98139232012028,71.01377342101999,70.80729817545614,85.49080569534391,85.4908768935031,85.49073449730331,139.0,3320.0,0.0
32300.0,0.880446,4.868713493148491E-9,32300.0,85.51393188854489,71.02791043057107,71.05653841395522,70.84008475632557,85.51408109676171,85.51411915409682,85.51404303946049,239.0,3320.0,0.0
32400.0,0.883125,4.883528326948489E-9,32400.0,85.49691358024691,70.99388905434434,71.00814412635734,70.80459770114942,85.49712042995064,85.49718596270692,85.49705489729482,44.0,3320.0,1.0
32500.0,0.885496,4.896639924910339E-9,32500.0,85.50461538461539,71.0092841258714,71.01993110236221,70.81707241528838,85.50477819936168,85.50480542675751,85.5047509719832,144.0,3320.0,0.0
32600.0,0.888005,4.910514661007463E-9,32600.0,85.49693251533742,70.99393315437432,71.00453820679503,70.79137579539136,85.4971335812632,85.49714026145816,85.49712690106928,244.0,3320.0,0.0
32700.0,0.89067,4.925252074996636E-9,32700.0,85.47706422018348,70.95418015995752,70.96655865990094,70.76459000246244,85.47722445187246,85.47725729846803,85.47719160530211,13.0,3320.0,1.0
32800.0,0.893265,4.939602389931684E-9,32800.0,85.45426829268293,70.90860126656916,70.92980745795758,70.72646950546078,85.45453006719846,85.45465839551296,85.45440173926939,113.0,3320.0,0.0
32900.0,0.896226,4.955976679921155E-9,32900.0,85.41641337386018,70.83288204185664,70.84346135148273,70.65802348336594,85.41672607991853,85.41693339720294,85.41651876364047,62.0,3320.0,2.0
33000.0,0.898547,4.96881177855863E-9,33000.0,85.43030303030304,70.86060606060607,70.87649161063663,70.70257753945526,85.43064035530406,85.43097768296899,85.43030303030304,162.0,3320.0,0.0
33100.0,0.900816,4.981359317898755E-9,33100.0,85.42598187311178,70.8519238395832,70.87835798370057,70.68546426835196,85.42627880297235,85.42664095747716,85.42591665153812,262.0,3320.0,0.0
33200.0,0.903163,4.994338196184905E-9,33200.0,85.40361445783132,70.80706862786629,70.82831687936432,70.61961925548684,85.40386733913039,85.40435762780074,85.40337705608931,362.0,3320.0,0.0
33300.0,0.90575,5.008644271228054E-9,33300.0,85.4024024024024,70.80466263126027,70.82408018726366,70.62129819896047,85.40269049178318,85.40319334060568,85.4021876488821,462.0,3320.0,0.0
33400.0,0.908168,5.022015778554816E-9,33400.0,85.39221556886227,70.7842888775657,70.81937799043062,70.60312104597216,85.39258157140738,85.39316617412074,85.39199697669837,562.0,3320.0,0.0
33500.0,0.910457,5.034673917624691E-9,33500.0,85.40597014925373,70.81182419601978,70.83805547271099,70.63487296534326,85.40632609578522,85.40686276304224,85.40578943527264,662.0,3320.0,0.0
33600.0,0.913296,5.050373549262688E-9,33600.0,85.38095238095238,70.76184457423362,70.77755964066868,70.59386973180077,85.38128432728878,85.38171306200853,85.38085559687472,67.0,3320.0,1.0
33700.0,0.915904,5.064795754022074E-9,33700.0,85.35905044510386,70.71809315519899,70.72331335667239,70.55910257175249,85.35938756714974,85.35973777536118,85.3590373618119,54.0,3320.0,1.0
33800.0,0.918582,5.079605057835585E-9,33800.0,85.36094674556213,70.7218862128564,70.72362582095732,70.55638202915799,85.36124644152102,85.36155844548904,85.36093443983381,62.0,3320.0,1.0
33900.0,0.921279,5.094519431392357E-9,33900.0,85.37463126843657,70.74927597600289,70.7389046270066,70.5774138033351,85.3749226605158,85.37519058946653,85.37465473324673,102.0,3320.0,1.0
34000.0,0.923718,5.108007068435357E-9,34000.0,85.37647058823529,70.75298297238074,70.74261504060257,70.56594837793038,85.37675809754029,85.37696815649187,85.37654803962234,202.0,3320.0,0.0
34100.0,0.926609,5.123994259370704E-9,34100.0,85.34604105571847,70.69210025858725,70.67832414035912,70.5122152720406,85.3462914237494,85.34650973911494,85.3460731095008,82.0,3320.0,2.0
34200.0,0.929026,5.1373602367109785E-9,34200.0,85.35087719298245,70.70174116011707,70.69147069147068,70.52421015473318,85.35111817575654,85.35138124762052,85.35085510551424,182.0,3320.0,0.0
34300.0,0.931601,5.151599951916277E-9,34300.0,85.33527696793003,70.67054705528393,70.6688436643536,70.48468489613894,85.33555129018131,85.33583722401728,85.33526535826148,18.0,3320.0,1.0
34400.0,0.933938,5.164523530337552E-9,34400.0,85.31976744186046,70.63946342757458,70.63270528029774,70.43325526932084,85.31996118100845,85.32026467094394,85.31965769323205,118.0,3320.0,0.0
34500.0,0.936344,5.1778286778264634E-9,34500.0,85.33623188405797,70.6724154740049,70.64693936756599,70.47218817486721,85.33644340412029,85.33673144292064,85.3361553672644,218.0,3320.0,0.0
34600.0,0.938697,5.190840736031538E-9,34600.0,85.33815028901735,70.67621866857834,70.654248857523,70.46975959019734,85.33835876809754,85.33869262684557,85.3380249119617,318.0,3320.0,0.0
34700.0,0.941196,5.204660172263787E-9,34700.0,85.36311239193084,70.72619074709287,70.6924408540104,70.53089643167974,85.36334354622102,85.36362990071012,85.36305719365306,418.0,3320.0,0.0
34800.0,0.951561,5.261978482206668E-9,34800.0,85.37068965517241,70.74128634270532,70.71613459879207,70.5330786594895,85.37086053222232,85.37117053946979,85.37055052722631,518.0,3320.0,0.0
34900.0,0.959864,5.307893960012336E-9,34900.0,85.38681948424069,70.77355604092715,70.74346030289122,70.56786703601107,85.38698720491973,85.38728006390703,85.38669434794127,618.0,3320.0,0.0
35000.0,0.963864,5.3300139059623144E-9,35000.0,85.38857142857142,70.77705478276428,70.76043453401944,70.57029406687,85.38872175680557,85.3890032521319,85.3884402633352,18.0,3320.0,1.0
35100.0,0.972892,5.379938623971416E-9,35100.0,85.33903133903134,70.67794453398646,70.65297975477615,70.46432876083337,85.33915217605497,85.33944131584248,85.33886303822669,51.0,3320.0,2.0
35200.0,0.977283,5.404220794638004E-9,35200.0,85.3409090909091,70.68166911037206,70.6601466992665,70.46196118839086,85.34100090297274,85.3412966322106,85.34070517578442,29.0,3320.0,1.0
35300.0,0.979828,5.418294610248678E-9,35300.0,85.3456090651558,70.69105348520122,70.6845744077978,70.46531544390521,85.34564162344192,85.34588414908178,85.34539909918044,129.0,3320.0,0.0
35400.0,0.983689,5.4396458880768944E-9,35400.0,85.30790960451978,70.61562224394878,70.60751624752754,70.38492199066165,85.30793560173208,85.30820839692372,85.30766280828512,18.0,3320.0,3.0
35500.0,0.986387,5.454565791620155E-9,35500.0,85.31549295774647,70.63088319058369,70.61111737512684,70.41598093184268,85.31552684091838,85.3156951461963,85.31535853630449,118.0,3320.0,0.0
35600.0,0.989352,5.470962201555576E-9,35600.0,85.30898876404494,70.61786652438528,70.58658118216074,70.40013583111666,85.30900547671966,85.30916194125473,85.30884901275854,19.0,3320.0,3.0
35700.0,0.991962,5.485395466287937E-9,35700.0,85.29411764705883,70.58812479967794,70.55028888764234,70.37413238530557,85.29416962734449,85.29436946026219,85.29396979536314,64.0,3320.0,1.0
35800.0,0.994798,5.5010785079664716E-9,35800.0,85.27374301675977,70.54739696147952,70.5062937062937,70.33702807629551,85.27378655307201,85.27394948678844,85.27362361997824,44.0,3320.0,2.0
35900.0,0.997282,5.514814994401408E-9,35900.0,85.27019498607243,70.54026900714891,70.49930264993026,70.32381166170941,85.27023105363617,85.27042415348566,85.27003795466123,144.0,3320.0,0.0
36000.0,0.999935,5.529486048552731E-9,36000.0,85.26666666666667,70.5331540766873,70.49891540130152,70.30733919274479,85.2666922010751,85.26694255412615,85.26644184949417,103.0,3320.0,1.0
36100.0,1.002592,5.544179222650004E-9,36100.0,85.2770083102493,70.55378398090856,70.53115990241739,70.3188697157536,85.27700162326047,85.27727204954888,85.27673119868717,23.0,3320.0,1.0
36200.0,1.00518,5.558490827679641E-9,36200.0,85.2513812154696,70.50249141509465,70.473398960292,70.26455026455027,85.25138564664891,85.251717657287,85.25105363859683,49.0,3320.0,1.0
36300.0,1.007724,5.572559113303827E-9,36300.0,85.25068870523415,70.50109578412598,70.46720723702354,70.26051213686607,85.25067116748876,85.25098449062509,85.25035784665556,149.0,3320.0,0.0
36400.0,1.010101,5.585703891184602E-9,36400.0,85.25,70.4997191043173,70.48215954697895,70.25814314203413,85.24996730301714,85.25025703121811,85.24967757678547,249.0,3320.0,0.0
36500.0,1.012523,5.5990975184573135E-9,36500.0,85.25479452054795,70.50935820723393,70.49665606841357,70.27668857347987,85.25479109542896,85.25506376987198,85.25451842273016,349.0,3320.0,0.0
36600.0,1.015423,5.6151344792710474E-9,36600.0,85.26502732240438,70.52978765378406,70.51555409764364,70.29141188784223,85.26500044870558,85.26528240245715,85.26471849681872,449.0,3320.0,0.0
36700.0,1.018565,5.632509696814756E-9,36700.0,85.2316076294278,70.46293736410716,70.44711014176664,70.22632388486048,85.23161014638426,85.23194748257484,85.2312728128639,52.0,3320.0,2.0
36800.0,1.021019,5.646080283655067E-9,36800.0,85.2336956521739,70.46708634491334,70.46096977603827,70.22792022792022,85.23369490925309,85.23406019933107,85.23332962230616,152.0,3320.0,0.0
36900.0,1.023377,5.659119991792579E-9,36900.0,85.23848238482384,70.47672886275073,70.48656263545729,70.24797902556259,85.23850982826959,85.23883079751914,85.23818886143725,252.0,3320.0,0.0
37000.0,1.026268,5.675107182727926E-9,37000.0,85.21351351351352,70.42674879220195,70.42223063199438,70.1934077907927,85.21354154212688,85.21391395344837,85.21316913406045,24.0,3320.0,2.0
37100.0,1.028845,5.689357957906199E-9,37100.0,85.19407008086255,70.38782295832034,70.3817534778389,70.1499836974242,85.19408949856138,85.1944968287666,85.19368217225116,64.0,3320.0,1.0
37200.0,1.031203,5.702397666043711E-9,37200.0,85.17741935483872,70.35454384895765,70.35961941622321,70.11867988944887,85.17743136358119,85.17780148804795,85.17706124233102,164.0,3320.0,0.0
37300.0,1.033655,5.715957192911048E-9,37300.0,85.19302949061662,70.38576677458063,70.39082185171286,70.14755959137344,85.19300485785112,85.19331968767881,85.19269003035035,264.0,3320.0,0.0
37400.0,1.035956,5.728681691818773E-9,37400.0,85.20855614973262,70.41684226189054,70.41869418747659,70.18111254851227,85.20852765794771,85.20881018434802,85.20824513342096,364.0,3320.0,0.0
37500.0,1.038303,5.741660570104923E-9,37500.0,85.21866666666666,70.43707820400432,70.43260254974129,70.20373058108906,85.21864053376085,85.21890876285873,85.21837230635147,464.0,3320.0,0.0
37600.0,1.040605,5.754390598999136E-9,37600.0,85.23670212765957,70.47316064886954,70.46712066397104,70.24230727993995,85.2366812689782,85.23694372336965,85.23641881620298,564.0,3320.0,0.0
37700.0,1.042884,5.766993438204136E-9,37700.0,85.25729442970822,70.51425294400416,70.51458885941643,70.26853535893869,85.25721399158732,85.25749321821017,85.25693476679346,664.0,3320.0,0.0
37800.0,1.04572,5.78267647988267E-9,37800.0,85.25661375661375,70.51276441479344,70.52258542261714,70.25353616226315,85.2564912250449,85.2568553856931,85.25612706750758,764.0,3320.0,0.0
37900.0,1.049803,5.805255414711111E-9,37900.0,85.23218997361478,70.46400488958528,70.47995780590718,70.21604938271606,85.2321108122101,85.23244052262437,85.23178110434671,27.0,3320.0,2.0
38000.0,1.052225,5.818649041983823E-9,38000.0,85.23421052631579,70.46812229801283,70.4948204238313,70.22710389472567,85.23413537665789,85.23437709037056,85.23389366431616,127.0,3320.0,0.0
38100.0,1.054545,5.83147861063481E-9,38100.0,85.24146981627297,70.48264242758158,70.5138961719979,70.24552862736797,85.24141953986033,85.24170140585403,85.2411376757307,227.0,3320.0,0.0
38200.0,1.05683,5.844114629758735E-9,38200.0,85.25392670157068,70.50757853613393,70.55872053520096,70.27440633245384,85.25388711445741,85.25415890819362,85.2536153224542,327.0,3320.0,0.0
38300.0,1.059207,5.85725940763951E-9,38300.0,85.26631853785901,70.53239328178996,70.5848623853211,70.30468873335789,85.2662940110383,85.26655149954607,85.26603652408565,427.0,3320.0,0.0
38400.0,1.061619,5.870597735047347E-9,38400.0,85.28125,70.56229708875027,70.6175920149719,70.34160675867135,85.28124118978937,85.28147280233355,85.28100957850323,527.0,3320.0,0.0
38500.0,1.064,5.883764632874072E-9,38500.0,85.29610389610389,70.5920911327346,70.64710152442184,70.3907108112349,85.29615991545985,85.29637227788609,85.29594755409107,627.0,3320.0,0.0
38600.0,1.066708,5.898739836282207E-9,38600.0,85.29274611398964,70.58538325278234,70.63418166770123,70.38601982263954,85.2928053728915,85.29301197355636,85.2925987732275,50.0,3320.0,1.0
38700.0,1.069429,5.91378692951468E-9,38700.0,85.28423772609818,70.56832217141927,70.61251870581556,70.36169659120478,85.28429344276577,85.28455066457342,85.28403622250971,27.0,3320.0,1.0
38800.0,1.072077,5.928430333733566E-9,38800.0,85.27835051546391,70.55653423990594,70.60518731988473,70.34883720930233,85.2784140998904,85.27869756074608,85.2781306409191,85.0,3320.0,1.0
38900.0,1.07445,5.9415529916683905E-9,38900.0,85.2879177377892,70.57562780295194,70.63019603818125,70.36250647332987,85.2879762578709,85.28830372163488,85.28764879662153,185.0,3320.0,0.0
39000.0,1.07673,5.954161360859878E-9,39000.0,85.3051282051282,70.61003133835963,70.66591595434302,70.3946688707511,85.30517727298823,85.30551417478733,85.30484037385021,285.0,3320.0,0.0
39100.0,1.079292,5.968329186240839E-9,39100.0,85.3299232736573,70.65954562154575,70.70480081716038,70.43298969072166,85.32992829488511,85.33029823767315,85.32955835530475,385.0,3320.0,0.0
39200.0,1.081619,5.981197464797239E-9,39200.0,85.33418367346938,70.66812042040151,70.69976046073086,70.45279333915815,85.33425451782765,85.33464612125508,85.33386291799437,485.0,3320.0,0.0
39300.0,1.084095,5.994889711340275E-9,39300.0,85.34096692111959,70.6816304250469,70.71769848531055,70.4609547249141,85.34104591508294,85.34151706635865,85.34057476900946,585.0,3320.0,0.0
39400.0,1.086427,6.007785639829112E-9,39400.0,85.33502538071066,70.66970613481402,70.69831127339114,70.4450127877238,85.3351023662273,85.33562117481199,85.3345835639509,685.0,3320.0,0.0
39500.0,1.088726,6.020499078763862E-9,39500.0,85.35189873417721,70.70346061213483,70.72306836006678,70.4810979031682,85.35199205782583,85.35252244732412,85.35146167491929,785.0,3320.0,0.0
39600.0,1.090998,6.03306320806345E-9,39600.0,85.3459595959596,70.69151683946441,70.69635913750443,70.45917328446345,85.34598567345274,85.34650739296934,85.34546396031462,885.0,3320.0,0.0
39700.0,1.093288,6.045726877119813E-9,39700.0,85.33501259445843,70.66956925330831,70.68331738758245,70.43319282921131,85.33504362579654,85.3356365926356,85.33445066719807,985.0,3320.0,0.0
39800.0,1.09569,6.059009904662775E-9,39800.0,85.33417085427135,70.66790618239021,70.68601848131779,70.43209563851882,85.33417799208108,85.33471331499642,85.33364267588209,1085.0,3320.0,0.0
39900.0,1.098352,6.0737307286924856E-9,39900.0,85.35338345864662,70.70630521329038,70.72290967386404,70.4684420637728,85.35338285508453,85.35393928366636,85.35282643375746,1185.0,3320.0,0.0
40000.0,1.101035,6.088567682438433E-9,40000.0,85.3575,70.71461123646415,70.73840927258193,70.48626858150668,85.35754115136183,85.3580670643145,85.35701524488968,42.0,3320.0,1.0
40100.0,1.103606,6.102785277697782E-9,40100.0,85.3416458852868,70.68299422669372,70.70520807376029,70.46231155778895,85.34166608834013,85.34205309350162,85.3412790866886,28.0,3320.0,1.0
40200.0,1.105945,6.115719916092031E-9,40200.0,85.3457711442786,70.69125834901408,70.72213110680383,70.47413793103448,85.34581399624855,85.34621491545764,85.34541308080614,128.0,3320.0,0.0
40300.0,1.108421,6.129412162635068E-9,40300.0,85.3498759305211,70.6995578826582,70.7229991074085,70.4977013791725,85.34998023707499,85.35034730538521,85.34961317192207,228.0,3320.0,0.0
40400.0,1.110736,6.142214081353618E-9,40400.0,85.36386138613862,70.72754557650617,70.74944348256246,70.5293062200957,85.36397910465958,85.36434090573638,85.36361730664959,328.0,3320.0,0.0
40500.0,1.113036,6.154933050274855E-9,40500.0,85.37777777777778,70.75543766801027,70.77864403434323,70.56806321753392,85.37791830294732,85.37822924021854,85.37760736794088,428.0,3320.0,0.0
40600.0,1.115634,6.169299955169366E-9,40600.0,85.39408866995075,70.78804485150289,70.7996848532598,70.5984431553374,85.39422100497819,85.39454223632957,85.3938997760436,528.0,3320.0,0.0
40700.0,1.118378,6.184474238091051E-9,40700.0,85.3980343980344,70.79593692301684,70.80467675378267,70.60540112770798,85.39813809366028,85.39842619908188,85.3978499901826,28.0,3320.0,1.0
40800.0,1.12071,6.197370166579888E-9,40800.0,85.4093137254902,70.81839605129511,70.82291819830418,70.61262773362294,85.40938900506096,85.40976811245945,85.40900990102793,128.0,3320.0,0.0
40900.0,1.12301,6.2100891355011254E-9,40900.0,85.42542787286064,70.8506713156337,70.8608300337293,70.65426081819524,85.42554917073933,85.42592507358135,85.4251732712055,228.0,3320.0,0.0
41000.0,1.125333,6.222935294111576E-9,41000.0,85.44634146341463,70.89240130518431,70.90119964888325,70.68101415094338,85.44640144309828,85.44682339245931,85.44597949790457,328.0,3320.0,0.0
41100.0,1.127633,6.235654263032813E-9,41100.0,85.46228710462287,70.9243883137051,70.92598900296822,70.72943712340175,85.46241790942884,85.46280717748954,85.46202864491421,428.0,3320.0,0.0
41200.0,1.130148,6.249562179048862E-9,41200.0,85.4733009708738,70.94636217871701,70.94519151415119,70.74208056315996,85.47338008589588,85.47377519389441,85.47298498155018,528.0,3320.0,0.0
41300.0,1.132522,6.262690366970174E-9,41300.0,85.4915254237288,70.98281022980018,70.98726577252698,70.77928411196723,85.49160903542216,85.49201104911562,85.4912070255095,628.0,3320.0,0.0
41400.0,1.135117,6.277040681905222E-9,41400.0,85.49033816425121,70.9805002434144,70.98067632850243,70.79017748601994,85.49050858762666,85.49093063993512,85.49008653948538,35.0,3320.0,1.0
41500.0,1.138075,6.293398381935231E-9,41500.0,85.46024096385543,70.92032739894695,70.91767881241566,70.73430982636533,85.46044059288792,85.46086606410765,85.46001512590465,39.0,3320.0,3.0
41600.0,1.140832,6.308644554681254E-9,41600.0,85.45673076923077,70.9132783346049,70.90926575948454,70.72344543914832,85.4569283091983,85.4573895600161,85.45646706335964,89.0,3320.0,2.0
41700.0,1.143234,6.321927582224216E-9,41700.0,85.47242206235012,70.94467088449971,70.94345052520504,70.75690287700328,85.47262332619525,85.47307571601459,85.47217094116468,189.0,3320.0,0.0
41800.0,1.145799,6.3361119975646394E-9,41800.0,85.46650717703349,70.93291107776376,70.93440505238982,70.75671512467507,85.46672190180736,85.4670934957595,85.46635031108647,46.0,3320.0,1.0
41900.0,1.148122,6.34895815617509E-9,41900.0,85.48448687350836,70.96883345366172,70.95649682441146,70.78630097507086,85.48467544633309,85.48506999435868,85.48428090194948,146.0,3320.0,0.0
42000.0,1.150886,6.364243038826524E-9,42000.0,85.47380952380952,70.94749124293199,70.92823787286761,70.76665069477718,85.47398408868425,85.47434643565899,85.47362174478164,32.0,3320.0,1.0
42100.0,1.153582,6.37915188239681E-9,42100.0,85.48218527315915,70.96422133825016,70.93952073031572,70.77974852990391,85.48234193511158,85.4827131782643,85.48197069518339,110.0,3320.0,1.0
42200.0,1.155912,6.392036750912673E-9,42200.0,85.5,70.99986868160028,70.97936921982452,70.81882779340931,85.50015860697982,85.50050846271645,85.49980875410628,210.0,3320.0,0.0
42300.0,1.158292,6.4051981187529095E-9,42300.0,85.52718676122932,71.0542544580883,71.0447902379038,70.87535680304472,85.52733309389782,85.52765332854433,85.52701286164937,310.0,3320.0,0.0
42400.0,1.161258,6.421600058674819E-9,42400.0,85.53066037735849,71.06120614308237,71.04903024869049,70.8827717133365,85.53079126582104,85.53108855854501,85.53049397516374,17.0,3320.0,2.0
42500.0,1.16384,6.435878483785529E-9,42500.0,85.53882352941177,71.07750775048717,71.05857977020155,70.89273028652617,85.53890514258589,85.53917839953785,85.53863188737978,117.0,3320.0,0.0
42600.0,1.166524,6.4507209675179646E-9,42600.0,85.53755868544602,71.0750610116025,71.05201334398346,70.90711621098362,85.53764898102884,85.53782346292775,85.53747449984172,105.0,3320.0,1.0
42700.0,1.168885,6.463777265614939E-9,42700.0,85.5480093676815,71.09596432896006,71.06213364595546,70.92853441371838,85.54809169744195,85.5482549637164,85.54792843179067,205.0,3320.0,0.0
42800.0,1.171167,6.476396694779402E-9,42800.0,85.56074766355141,71.12144689770116,71.08230780029012,70.95591690948399,85.56082843290562,85.56098187130262,85.56067499505895,305.0,3320.0,0.0
42900.0,1.173512,6.4893645130925765E-9,42900.0,85.57575757575758,71.1514406635728,71.12324420178263,70.97833223900196,85.57580940676833,85.57596528796256,85.57565352614198,405.0,3320.0,0.0
43000.0,1.175857,6.502332331405751E-9,43000.0,85.5906976744186,71.18134753075945,71.15859051342922,71.0155774898255,85.59075522607168,85.59088272982754,85.5906277226957,505.0,3320.0,0.0
43100.0,1.178377,6.516267897354238E-9,43100.0,85.5939675174014,71.18788205156362,71.17455896007428,71.0211892093718,85.59402568039228,85.59416076759322,85.59389059361773,605.0,3320.0,0.0
43200.0,1.180715,6.5291970057619996E-9,43200.0,85.61805555555554,71.2360630232535,71.22145537079066,71.07137868417375,85.61811583176974,85.61824679717179,85.61798486676835,705.0,3320.0,0.0
43300.0,1.183154,6.542684642804999E-9,43300.0,85.635103926097,71.27015464906046,71.25693160813309,71.10471058255133,85.6351649071269,85.63530357963818,85.63502623506476,805.0,3320.0,0.0
43400.0,1.185574,6.556067210104736E-9,43400.0,85.64976958525345,71.29952746821822,71.27438771274387,71.14796627443714,85.64983701898274,85.64992362849931,85.64975040964133,905.0,3320.0,0.0
43500.0,1.188072,6.5698811163504974E-9,43500.0,85.66666666666667,71.33331551749454,71.30034522439587,71.17962466487936,85.66672746195047,85.66681661731103,85.66663830677548,1005.0,3320.0,0.0
43600.0,1.190362,6.58254478540686E-9,43600.0,85.68807339449542,71.37610372425335,71.34459955914768,71.21372883701619,85.68811809614921,85.68822533221451,85.68801086035232,1105.0,3320.0,0.0
43700.0,1.192642,6.595153154598348E-9,43700.0,85.70480549199084,71.40959170103739,71.37292640454586,71.25569410573782,85.70485272593913,85.70493001823735,85.70477543378034,1205.0,3320.0,0.0
43800.0,1.195133,6.608928350938697E-9,43800.0,85.73287671232876,71.46573736108314,71.43444871091606,71.31380829966947,85.73292534105322,85.73299943563282,85.73285124660171,1305.0,3320.0,0.0
43900.0,1.197632,6.622747787170946E-9,43900.0,85.74487471526196,71.48972102690642,71.44551925533855,71.33302794319742,85.74491407877557,85.74499583640684,85.7448323213002,1405.0,3320.0,0.0
44000.0,1.20018,6.636838192741082E-9,44000.0,85.75454545454545,71.50904764287192,71.47278354269069,71.34628571428571,85.75456652024138,85.75464689443635,85.75448614619707,1505.0,3320.0,0.0
44100.0,1.202584,6.650132280257019E-9,44100.0,85.7641723356009,71.52827328729313,71.48567016396422,71.35556873659716,85.764169745024,85.76425360171609,85.76408588849591,1605.0,3320.0,0.0
44200.0,1.204868,6.662762769394457E-9,44200.0,85.78054298642533,71.56104043883953,71.52242863615767,71.39671414918307,85.7805510250573,85.78061794760053,85.7804841026185,1705.0,3320.0,0.0
44300.0,1.207149,6.675376668572432E-9,44300.0,85.79909706546276,71.59812755804452,71.55581679251256,71.42662488077396,85.79909037552022,85.7991622844564,85.79901846670458,1805.0,3320.0,0.0
44400.0,1.209443,6.6880624575747445E-9,44400.0,85.81531531531532,71.63055879177293,71.59736628483809,71.45835221607902,85.81530788319304,85.81538520574952,85.81523056077592,1905.0,3320.0,0.0
44500.0,1.212058,6.702523372239543E-9,44500.0,85.81348314606741,71.62691986931972,71.58610135925827,71.46279721544164,85.81348630318423,85.81354782968687,85.81342477676985,20.0,3320.0,1.0
44600.0,1.214504,6.7160497191879545E-9,44600.0,85.82511210762331,71.65019257547281,71.60948446200825,71.49041713641488,85.82511372162998,85.82515492898932,85.8250725143102,120.0,3320.0,0.0
44700.0,1.216825,6.7288848178254294E-9,44700.0,85.834451901566,71.66888225090014,71.63463692156074,71.51596941070626,85.83446924658877,85.83451745425522,85.83442103897643,220.0,3320.0,0.0
44800.0,1.219329,6.742731903990116E-9,44800.0,85.83928571428572,71.67855923662468,71.63932227636461,71.53114342128882,85.83931176059897,85.83935675981816,85.83926676142698,320.0,3320.0,0.0
44900.0,1.222,6.757502497898214E-9,44900.0,85.82850779510022,71.65699332080565,71.62035591632842,71.50214976710856,85.82851233532989,85.82854592444782,85.82847874623825,100.0,3320.0,1.0
45000.0,1.224352,6.770509026116801E-9,45000.0,85.83111111111111,71.66219087570744,71.62565083885897,71.50518412584913,85.831119360722,85.83116904665773,85.83106967484377,200.0,3320.0,0.0
45100.0,1.227076,6.7855727093087355E-9,45100.0,85.8270509977827,71.65406096801662,71.61634103019539,71.49482697110238,85.8270621893329,85.82712771363413,85.82699666513173,82.0,3320.0,2.0
45200.0,1.229649,6.799801364541059E-9,45200.0,85.83407079646018,71.66810010129784,71.62545422316761,71.50803186045478,85.83407562345691,85.83413339901766,85.83401784797393,182.0,3320.0,0.0
45300.0,1.232011,6.812863192624522E-9,45300.0,85.84988962472406,71.69974366881505,71.65723381676689,71.54273029966704,85.84989922736789,85.8499559699011,85.84984248490966,282.0,3320.0,0.0
45400.0,1.234652,6.827467886937995E-9,45400.0,85.85242290748899,71.70480287441218,71.66490206458445,71.54565188499535,85.85243069452488,85.85249425348414,85.85236713565973,382.0,3320.0,0.0
45500.0,1.238099,6.846529750360389E-9,45500.0,85.85494505494505,71.70984643626093,71.68126017512209,71.55107633823984,85.85495439270662,85.85502089842515,85.85488788709112,482.0,3320.0,0.0
45600.0,1.242247,6.869468134310517E-9,45600.0,85.83552631578948,71.67100652830011,71.63746541957582,71.51111503175724,85.83553225172605,85.83559722382708,85.83546727972337,78.0,3320.0,2.0
45700.0,1.244722,6.883154850867066E-9,45700.0,85.84682713347921,71.69359788429304,71.66513339466421,71.53169014084506,85.84683409418207,85.8469131861838,85.84675500232608,178.0,3320.0,0.0
45800.0,1.248211,6.902448973721934E-9,45800.0,85.8580786026201,71.7160902183102,71.68895882507212,71.55092897614969,85.85807796494349,85.85815957436608,85.85799635567604,51.0,3320.0,1.0
45900.0,1.250766,6.916578089197482E-9,45900.0,85.87363834422658,71.74720137662291,71.7164667393675,71.57885508898045,85.87362738753762,85.87370367089562,85.87355110431514,151.0,3320.0,0.0
46000.0,1.253058,6.92925281822682E-9,46000.0,85.88478260869566,71.76945816546898,71.74130652391523,71.59170458522927,85.8847502813741,85.88482914005715,85.88467142283585,251.0,3320.0,0.0
46100.0,1.25566,6.94364184306728E-9,46100.0,85.89804772234272,71.79595466400357,71.76424600416955,71.61259333653551,85.89800574384144,85.89811057328602,85.89790091465275,351.0,3320.0,0.0
46200.0,1.258389,6.958733176191653E-9,46200.0,85.89393939393939,71.7877328650938,71.75976080079732,71.60348583877995,85.89389471829607,85.89400103322448,85.89378840363082,90.0,3320.0,1.0
46300.0,1.261191,6.974228198329613E-9,46300.0,85.90280777537797,71.80546456191573,71.77147305596401,71.62050523935822,85.90276045162179,85.90286827676495,85.90265262674932,190.0,3320.0,0.0
46400.0,1.263947,6.989468841089148E-9,46400.0,85.91163793103448,71.82311535685136,71.78801087566355,71.63745227351613,85.9115897379912,85.91170866805791,85.91147080825377,290.0,3320.0,0.0
46500.0,1.266285,7.00239794949691E-9,46500.0,85.9247311827957,71.8493129055901,71.79730253802732,71.66544006234035,85.92468439870358,85.92479136358457,85.92457743408887,390.0,3320.0,0.0
46600.0,1.268633,7.015382357769548E-9,46600.0,85.93991416309012,71.87964724206884,71.82177877171854,71.69028689941237,85.93985341190768,85.93997456076382,85.93973226339308,490.0,3320.0,0.0
46700.0,1.270921,7.028034966852935E-9,46700.0,85.94432548179871,71.88847854788139,71.84041184041183,71.70201758923952,85.94427302845753,85.94439960722849,85.94414645005943,590.0,3320.0,0.0
46800.0,1.273206,7.04067098597686E-9,46800.0,85.93162393162393,71.86306698443238,71.81748138001885,71.67684762969974,85.93157601541209,85.93172248342444,85.93142954789906,690.0,3320.0,0.0
46900.0,1.275497,7.05334018501971E-9,46900.0,85.94029850746269,71.88043379025311,71.83495643259867,71.69714138552665,85.94025467226122,85.94038578051249,85.94012356441,790.0,3320.0,0.0
47000.0,1.277829,7.066236113508547E-9,47000.0,85.95106382978723,71.901947445356,71.85781869326173,71.71435915010281,85.95100500326893,85.95112911587964,85.9508808910167,890.0,3320.0,0.0
47100.0,1.281095,7.084297049376704E-9,47100.0,85.92781316348196,71.85544135319213,71.81133840853997,71.66916007693952,85.92776265537746,85.92790958031158,85.92761573094579,43.0,3320.0,3.0
47200.0,1.283467,7.097414177325041E-9,47200.0,85.92796610169492,71.85581370634003,71.81173874294446,71.68194414836923,85.92793988118396,85.928045157632,85.92783460499388,143.0,3320.0,0.0
47300.0,1.286483,7.114092616571324E-9,47300.0,85.90486257928119,71.80961034518076,71.76316123840583,71.63702884369948,85.904840126251,85.90494710530608,85.90473314746237,34.0,3320.0,3.0
47400.0,1.289035,7.1282051420874105E-9,47400.0,85.89873417721519,71.79729347144004,71.75456389452332,71.6142183717671,85.89869288078845,85.8988434586906,85.8985423034142,107.0,3320.0,1.0
47500.0,1.29171,7.142997855941459E-9,47500.0,85.90947368421052,71.81879928362738,71.77497575169738,71.64103215965424,85.90944321909592,85.90957866145392,85.90930777716498,207.0,3320.0,0.0
47600.0,1.294484,7.158338038457769E-9,47600.0,85.92647058823529,71.85279776706157,71.80436887074372,71.67561625301255,85.92643773177517,85.92656315560315,85.92631230831336,307.0,3320.0,0.0
47700.0,1.296912,7.1717648456494055E-9,47700.0,85.92662473794549,71.85314011917542,71.80359543010752,71.68227452965493,85.92660040804458,85.92669732701538,85.92650348929241,407.0,3320.0,0.0
47800.0,1.29923,7.1845833543274176E-9,47800.0,85.92677824267783,71.85342728538777,71.79809667547059,71.67817446951835,85.9267438644693,85.92684817794537,85.92663955124651,507.0,3320.0,0.0
47900.0,1.301645,7.197938271694717E-9,47900.0,85.92484342379959,71.84953701672589,71.78843417859234,71.6686977350086,85.92479305966228,85.92489301804945,85.92469310150766,607.0,3320.0,0.0
48000.0,1.304045,7.211210239264704E-9,48000.0,85.95,71.899861987343,71.83780849375705,71.72208478342908,85.94995545988307,85.9500515767284,85.9498593432527,707.0,3320.0,0.0
48100.0,1.306466,7.224598336550928E-9,48100.0,85.96673596673597,71.93337294372138,71.87734355470377,71.7644106082155,85.96670748982658,85.9667834776311,85.9666315021564,807.0,3320.0,0.0
48200.0,1.308861,7.237842654188477E-9,48200.0,85.98132780082987,71.96256581390199,71.91020577842444,71.79765432614049,85.98130895721113,85.98139070092891,85.98122721364878,907.0,3320.0,0.0
48300.0,1.311659,7.253315556380487E-9,48300.0,85.9751552795031,71.95021898712231,71.88511662654602,71.7820544863784,85.97512442104372,85.97518548783987,85.9750633543343,27.0,3320.0,2.0
48400.0,1.314127,7.266963563031623E-9,48400.0,85.97933884297521,71.95860964617223,71.89829385456352,71.7966834296164,85.9793171103319,85.97936503048876,85.97926919022845,127.0,3320.0,0.0
48500.0,1.316553,7.280379310250285E-9,48500.0,85.98762886597939,71.97519277659731,71.91155197354824,71.81369499398616,85.98760630224892,85.98764816106245,85.98756444347615,227.0,3320.0,0.0
48600.0,1.319109,7.294513955712321E-9,48600.0,85.98148148148148,71.96290940432829,71.89472381502414,71.80749813787966,85.98147081952573,85.98152057304772,85.9814210660613,89.0,3320.0,1.0
48700.0,1.321449,7.307454124093058E-9,48700.0,85.99794661190965,71.99584646541159,71.92903013337724,71.84325708150962,85.99793929128309,85.9979860705603,85.99789251205677,189.0,3320.0,0.0
48800.0,1.323766,7.320267102784583E-9,48800.0,86.0061475409836,72.01224337118332,71.95021769489853,71.85658355656294,86.00613260190121,86.00617224527926,86.0060929585597,289.0,3320.0,0.0
48900.0,1.326454,7.335131706462969E-9,48900.0,86.0081799591002,72.01631792880957,71.94521896014435,71.86330550643582,86.00816667441079,86.008196550645,86.00813679819734,389.0,3320.0,0.0
49000.0,1.329398,7.351411986682153E-9,49000.0,86.01020408163265,72.0203374042019,71.9505708089529,71.85613991870922,86.01017377144969,86.01020457741421,86.01014296550719,489.0,3320.0,0.0
49100.0,1.331756,7.364451694819665E-9,49100.0,86.0244399185336,72.04883462008827,71.98040016333196,71.8943272578333,86.02442316767068,86.02444994535176,86.02439639000625,589.0,3320.0,0.0
49200.0,1.334083,7.3773199733760645E-9,49200.0,86.03658536585365,72.07314484274285,72.00146717202593,71.9282474563805,86.03658004364001,86.03660386321239,86.03655622408081,689.0,3320.0,0.0
49300.0,1.336708,7.391836187905738E-9,49300.0,86.02839756592292,72.05674491310879,71.97607713902111,71.90177041690463,86.02838004621925,86.02841230224243,86.02834779022027,81.0,3320.0,1.0
49400.0,1.339045,7.404759766327013E-9,49400.0,86.03036437246963,72.06067836998838,71.98246112622306,71.90718501933647,86.0303498449044,86.030388557151,86.03031113269265,181.0,3320.0,0.0
49500.0,1.34133,7.417395785450938E-9,49500.0,86.03636363636363,72.0726427013606,72.00145825738242,71.90814875025401,86.03633088101351,86.03637747361995,86.03628428845751,281.0,3320.0,0.0
49600.0,1.343917,7.4317018604940865E-9,49600.0,86.03225806451613,72.06437659626188,71.98884081995715,71.88539891242594,86.03219579710894,86.03224828968685,86.03214330459511,82.0,3320.0,1.0
49700.0,1.346227,7.444476129280199E-9,49700.0,86.04225352112677,72.08433453650773,72.0090384537788,71.90019038360272,86.04217780341837,86.04224711327771,86.04210849367068,182.0,3320.0,0.0
49800.0,1.348837,7.45890939401256E-9,49800.0,86.03815261044177,72.07616551388755,71.99983891752578,71.89912298427838,86.03809324862505,86.0381556462089,86.03803085113168,31.0,3320.0,1.0
49900.0,1.351169,7.471805322501399E-9,49900.0,86.04208416833667,72.0840334436771,72.01350102463134,71.90739321582706,86.04202508827522,86.04207971591845,86.04197046070135,131.0,3320.0,0.0
50000.0,1.353495,7.48466807107131E-9,50000.0,86.056,72.1118782739263,72.03032855939342,71.9391451340256,86.0559484827546,86.05600351884404,86.05589344673554,231.0,3320.0,0.0
