learning evaluation instances,evaluation time (cpu seconds),model cost (RAM-Hours),classified instances,classifications correct (percent),Kappa Statistic (percent),Kappa Temporal Statistic (percent),Kappa M Statistic (percent),F1 Score (percent),Precision (percent),Recall (percent),model training instances,model serialized size (bytes),Change detected,Warning detected
100.0,0.001533,2.316075066725413E-12,100.0,77.0,41.146366427840334,47.72727272727273,20.689655172413808,70.75940895861288,72.03947368421053,69.52404079650316,100.0,1112.0,0.0,0.0
200.0,0.002967,4.482579727967581E-12,200.0,79.0,50.000000000000014,49.3975903614458,38.235294117647065,75.62784783299777,78.0,73.39572192513369,200.0,1112.0,0.0,0.0
300.0,0.005114,7.726293471124438E-12,300.0,78.33333333333333,49.13928012519561,48.818897637795274,38.09523809523809,75.26308216226883,77.66682330827068,73.00366300366301,300.0,1112.0,0.0,0.0
400.0,0.007032,1.0624031225840252E-11,400.0,79.5,51.88216999677259,52.325581395348856,41.007194244604335,76.56958491290486,78.90229152365075,74.37084814906696,400.0,1112.0,0.0,0.0
500.0,0.008114,1.2258730000919767E-11,500.0,81.2,56.13625758282782,57.27272727272727,46.2857142857143,78.70481133607383,81.10842177124061,76.43956043956044,500.0,1112.0,0.0,0.0
600.0,0.009084,1.3724217812220256E-11,600.0,82.33333333333334,58.94178254638417,60.2996254681648,49.76303317535546,80.11069938039728,82.55251786249092,77.8091838350857,600.0,1112.0,0.0,0.0
700.0,0.010144,1.5325678719414605E-11,700.0,82.0,58.11926039183657,59.744408945686885,48.98785425101214,79.76690042711,82.3424337550602,77.34759721514688,700.0,1112.0,0.0,0.0
800.0,0.012115,1.8303489519490135E-11,800.0,83.0,60.57542486502155,61.79775280898875,51.601423487544466,80.87774898017966,83.22798648380044,78.65660077208429,800.0,1112.0,0.0,0.0
900.0,0.01438,2.1725479099485607E-11,900.0,83.77777777777777,62.33122151191124,63.771712158808924,53.354632587859406,81.67289417211407,83.8728773952329,79.58537209289668,900.0,1112.0,0.0,0.0
1000.0,0.01652,2.4958617157406273E-11,1000.0,84.5,64.09942837025301,65.78366445916114,55.58739255014326,82.55969472058752,84.78061973416983,80.45215868027589,1000.0,1112.0,0.0,0.0
1100.0,0.020285,3.064682500229941E-11,1100.0,84.72727272727273,64.89588438436728,66.53386454183267,56.58914728682171,82.90016529721753,84.94347820750431,80.95284690737901,1100.0,1112.0,0.0,0.0
1200.0,0.022734,3.4346804022788994E-11,1200.0,84.58333333333333,64.67645542550551,66.36363636363637,56.57276995305164,82.8289227702673,84.94091070071622,80.81941259962878,1200.0,1112.0,0.0,0.0
1300.0,0.024526,3.70541794432534E-11,1300.0,84.76923076923077,65.12317994217007,66.88963210702342,57.04989154013017,83.02986004270862,85.09130839838673,81.0659317077711,1300.0,1112.0,0.0,0.0
1400.0,0.026876,4.0604588058259745E-11,1400.0,84.42857142857143,64.37018583072803,66.56441717791411,56.312625250501,82.69316924987152,84.83162392514485,80.65987691253763,1400.0,1112.0,0.0,0.0
1500.0,0.029277,4.423204809427261E-11,1500.0,84.53333333333333,64.81009586215266,66.99857752489332,57.03703703703705,82.9138746954089,85.02111364649723,80.90856481481481,1500.0,1112.0,0.0,0.0
1600.0,0.030401,4.593020098076926E-11,1600.0,84.6875,65.28146809792045,66.80216802168023,57.758620689655196,83.16116226877965,85.27704551154301,81.14773495605138,1600.0,1112.0,0.0,0.0
1700.0,0.031112,4.7004388438330754E-11,1700.0,84.94117647058823,65.8822939140033,67.71752837326606,58.44155844155843,83.443378376602,85.52183087161175,81.46355489528922,1700.0,1112.0,0.0,0.0
1800.0,0.031792,4.8031740718417694E-11,1800.0,85.44444444444444,67.0788098110173,68.84661117717003,59.8159509202454,84.00675274110999,86.00992930764664,82.09476069344393,1800.0,1112.0,0.0,0.0
1900.0,0.033621,5.0795016189416244E-11,1900.0,85.63157894736842,67.37867155032755,69.15254237288137,59.97067448680353,84.13334304251882,86.11181894542126,82.24373883439512,1900.0,1112.0,0.0,0.0
2000.0,0.035674,5.3896713587972845E-11,2000.0,85.8,67.86588760302152,69.39655172413792,60.664819944598335,84.3767775234626,86.33911564131273,82.501658148336,2000.0,1112.0,0.0,0.0
2100.0,0.037313,5.6372934745417695E-11,2100.0,85.71428571428571,67.67437111258656,69.29375639713408,60.369881109643316,84.26154561883781,86.17315264099629,82.43290962188597,2100.0,1112.0,0.0,0.0
2200.0,0.039302,5.9377940164672E-11,2200.0,85.63636363636363,67.47231028945527,69.11045943304008,60.20151133501259,84.19005427240334,86.17599010993862,82.29358882944989,2200.0,1112.0,0.0,0.0
2300.0,0.040934,6.184358563688065E-11,2300.0,85.65217391304348,67.43956586087816,69.18767507002802,60.00000000000002,84.14703742751861,86.08231095719745,82.29686697483307,2300.0,1112.0,0.0,0.0
2400.0,0.042255,6.38393685221672E-11,2400.0,85.625,67.42276283299208,69.11369740376007,60.02317497103128,84.13793045281923,86.0618217569756,82.29817457523232,2400.0,1112.0,0.0,0.0
2500.0,0.043109,6.512960212098228E-11,2500.0,85.72,67.74760085514932,69.25064599483204,60.50884955752211,84.29469862285542,86.18591874219722,82.4846962539091,2500.0,1112.0,0.0,0.0
2600.0,0.043947,6.639566272497177E-11,2600.0,85.76923076923076,67.80817150414143,69.34548467274233,60.47008547008546,84.30841522495135,86.17020668934337,82.52537393162393,2600.0,1112.0,0.0,0.0
2700.0,0.044766,6.76330178976059E-11,2700.0,86.07407407407408,68.42223134634764,69.87179487179486,61.07660455486541,84.59966756865379,86.44575518589701,82.83077937057176,2700.0,1112.0,0.0,0.0
2800.0,0.045455,6.867396748728223E-11,2800.0,86.21428571428571,68.60795083229011,70.00777000776999,61.206030150753755,84.70365975739769,86.60871538219766,82.88060802628098,2800.0,1112.0,0.0,0.0
2900.0,0.04606,6.958800885412429E-11,2900.0,86.48275862068967,69.34361684914515,70.70254110612856,62.16216216216217,85.0526784163681,86.89239598278336,83.28924801564285,2900.0,1112.0,0.0,0.0
3000.0,0.046997,7.100363986359703E-11,3000.0,86.5,69.31818181818181,70.88425593098489,62.07865168539325,85.04395894064368,86.9075630252101,83.25860143764395,3000.0,1112.0,0.0,0.0
3100.0,0.047998,7.251596285237207E-11,3100.0,86.64516129032258,69.61079368537203,71.26995142262318,62.32939035486807,85.17167691013236,86.99782277652626,83.42061908081446,3100.0,1112.0,0.0,0.0
3200.0,0.049267,7.443318350447549E-11,3200.0,86.65625,69.82252179828087,71.43812709030101,62.80487804878049,85.28383819240918,87.08959513837563,83.55144297057005,3200.0,1112.0,0.0,0.0
3300.0,0.050232,7.589111725489298E-11,3300.0,86.72727272727273,70.06847349214812,71.6504854368932,63.22418136020153,85.41537999839656,87.22751235664596,83.6770085742643,3300.0,1112.0,0.0,0.0
3400.0,0.050985,7.70287588238716E-11,3400.0,86.73529411764706,70.08214824769654,71.65304839723443,63.24368378158107,85.42445661438937,87.24352338482772,83.67969722507578,3400.0,1112.0,0.0,0.0
3500.0,0.051604,7.796395156118604E-11,3500.0,86.62857142857143,69.80217660306566,71.3410900183711,62.916006339144225,85.30003031263955,87.1639936929127,83.51411790864891,3500.0,1112.0,0.0,0.0
3600.0,0.052182,7.883720099925993E-11,3600.0,86.69444444444444,69.96093039590113,71.47111375818939,63.12548113933795,85.38144622648035,87.25040402826194,83.5908777487045,3600.0,1112.0,0.0,0.0
3700.0,0.052743,7.968476663033166E-11,3700.0,86.70270270270271,70.03147978705296,71.41196978500872,63.31096196868009,85.430481889488,87.32275094395376,83.61848367225461,3700.0,1112.0,0.0,0.0
3800.0,0.053395,8.066981616947385E-11,3800.0,86.81578947368422,70.23109601104818,71.55025553662692,63.48396501457727,85.52743295546534,87.4283800977254,83.70739093472174,3800.0,1112.0,0.0,0.0
3900.0,0.054124,8.177119824621412E-11,3900.0,86.84615384615385,70.3015534572038,71.59468438538207,63.56534090909093,85.56087071451216,87.4578244986632,83.74445954326572,3900.0,1112.0,0.0,0.0
4000.0,0.054846,8.28620046377182E-11,4000.0,86.9,70.4888488398288,71.78244480344642,63.86206896551725,85.65468384602339,87.53887054668304,83.8498985801217,4000.0,1112.0,0.0,0.0
4100.0,0.055394,8.368992971049414E-11,4100.0,87.0,70.64339237880812,71.81385510312003,63.986486486486484,85.73605308308035,87.64965916357829,83.90421910460077,4100.0,1112.0,0.0,0.0
4200.0,0.055962,8.454807102680205E-11,4200.0,87.07142857142857,70.74120735177519,71.850699844479,64.03973509933773,85.78547486609015,87.71698288214611,83.93719687830819,4200.0,1112.0,0.0,0.0
4300.0,0.056539,8.541980965269935E-11,4300.0,87.18604651162791,70.98465773824101,72.1153846153846,64.33656957928801,85.91308283920048,87.86666060421717,84.04448516671658,4300.0,1112.0,0.0,0.0
4400.0,0.057181,8.638975107007555E-11,4400.0,87.1590909090909,70.95832390978062,72.11253701875617,64.33080808080808,85.89671733787159,87.83344075656517,84.0435606060606,4400.0,1112.0,0.0,0.0
4500.0,0.057718,8.720105720890891E-11,4500.0,87.13333333333333,70.80304567208239,71.90684133915573,63.97013067828251,85.79694237781167,87.69784522918545,83.97669760989932,4500.0,1112.0,0.0,0.0
4600.0,0.058264,8.802596065733166E-11,4600.0,87.15217391304347,70.83869484012448,71.9639468690702,63.985374771480785,85.80851877065263,87.69522206524191,84.00128796579868,4600.0,1112.0,0.0,0.0
4700.0,0.058837,8.889165603452257E-11,4700.0,87.2340425531915,71.01374791211616,72.10599721059972,64.17910447761196,85.8935535443282,87.77853725222147,84.08782533612927,4700.0,1112.0,0.0,0.0
4800.0,0.059385,8.971958110729851E-11,4800.0,87.1875,70.96677111547788,72.04545454545453,64.18171228887593,85.86970681388227,87.73959706270004,84.07785494353371,4800.0,1112.0,0.0,0.0
4900.0,0.059911,9.051426831218929E-11,4900.0,87.26530612244898,71.09277916985904,72.1801159161837,64.26116838487974,85.92631811337802,87.79266405913269,84.13767204829445,4900.0,1112.0,0.0,0.0
5000.0,0.060467,9.135427988237802E-11,5000.0,87.26,71.10746318265309,72.14691735898559,64.2937219730942,85.92974613404269,87.77978148997916,84.15608337237579,5000.0,1112.0,0.0,0.0
5100.0,0.061189,9.24450862738821E-11,5100.0,87.19607843137254,71.00976177916128,72.03426124197001,64.19956140350878,85.87365955909482,87.69243920358194,84.12879153010732,5100.0,1112.0,0.0,0.0
5200.0,0.061821,9.339991956949231E-11,5200.0,87.21153846153847,71.09130732832851,72.16408539137716,64.343163538874,85.91295689124773,87.71822439855227,84.18049688292584,5200.0,1112.0,0.0,0.0
5300.0,0.06248,9.439554479387069E-11,5300.0,87.24528301886792,71.15608640550639,72.3404255319149,64.40231700895208,85.94316613707917,87.74611419763684,84.21281786991064,5300.0,1112.0,0.0,0.0
5400.0,0.063329,9.567822433180277E-11,5400.0,87.29629629629629,71.25848186686726,72.44979919678714,64.52947259565666,85.99914932177595,87.81911403113462,84.25308701279559,5400.0,1112.0,0.0,0.0
5500.0,0.064045,9.675996585024725E-11,5500.0,87.25454545454545,71.22323099934617,72.36893969255024,64.57806973218796,85.99007464726387,87.81828125743093,84.23643513925471,5500.0,1112.0,0.0,0.0
5600.0,0.06472,9.77797640694512E-11,5600.0,87.25,71.25284369222655,72.3470178156468,64.60089241447696,85.98820924175673,87.76366864055039,84.2831605370538,5600.0,1112.0,0.0,0.0
5700.0,0.065392,9.879502985212536E-11,5700.0,87.36842105263159,71.50356205474317,72.6235741444867,64.87804878048782,86.11062188957953,87.8852093387935,84.4062813230872,5700.0,1112.0,0.0,0.0
5800.0,0.065984,9.968943066067164E-11,5800.0,87.43103448275862,71.67746417850981,72.81879194630872,65.10292005744375,86.19107088962909,87.94281608363957,84.50774926960187,5800.0,1112.0,0.0,0.0
5900.0,0.066846,1.0099175075689949E-10,5900.0,87.33898305084746,71.45673804392683,72.64738191138778,64.83050847457629,86.0837643012559,87.84403395959734,84.39265536723164,5900.0,1112.0,0.0,0.0
6000.0,0.067722,1.0231522222359972E-10,6000.0,87.38333333333334,71.58498005318151,72.7403673028448,65.00231160425336,86.14352806257034,87.88715911667539,84.46773640265218,6000.0,1112.0,0.0,0.0
6100.0,0.068356,1.0327307714356314E-10,6100.0,87.44262295081967,71.72140885313686,72.8465083303793,65.16598453842656,86.21016354130194,87.95056240281673,84.53730745454314,6100.0,1112.0,0.0,0.0
6200.0,0.068939,1.0415388064252003E-10,6200.0,87.48387096774194,71.82689514957886,72.91448516579408,65.29516994633275,86.25912685107839,87.98771121351767,84.5971525482473,6200.0,1112.0,0.0,0.0
6300.0,0.069584,1.0512835449642602E-10,6300.0,87.42857142857143,71.70338734771205,72.83950617283952,65.15618125824902,86.20034272034276,87.93516233479058,84.53264922835533,6300.0,1112.0,0.0,0.0
6400.0,0.070689,1.067978019515673E-10,6400.0,87.390625,71.6216973574464,72.74569402228977,65.06493506493507,86.1606643268551,87.89673473977732,84.49184474856847,6400.0,1112.0,0.0,0.0
6500.0,0.071813,1.0849595483806395E-10,6500.0,87.41538461538461,71.64096361200146,72.77870216306157,65.05766766339171,86.17296345431933,87.92493007031312,84.48945119250091,6500.0,1112.0,0.0,0.0
6600.0,0.072986,1.1026813752121392E-10,6600.0,87.43939393939394,71.63837450159551,72.77504105090311,64.99155405405405,86.17119667729688,87.93506097812033,84.47670260052114,6600.0,1112.0,0.0,0.0
6700.0,0.073817,1.1152362243996723E-10,6700.0,87.41791044776119,71.64561745795814,72.81522089648502,65.07870753935376,86.18016014367392,87.94541333291643,84.48437737401323,6700.0,1112.0,0.0,0.0
6800.0,0.074426,1.1244370705551567E-10,6800.0,87.42647058823529,71.70342463513283,72.95159759569756,65.18729641693811,86.20799823588729,87.9620316193255,84.52255085452397,6800.0,1112.0,0.0,0.0
6900.0,0.07506,1.1340156197547908E-10,6900.0,87.37681159420289,71.62496742246546,72.78975320212433,65.14605842336934,86.17403346293735,87.93305728088336,84.48400491757711,6900.0,1112.0,0.0,0.0
7000.0,0.07561,1.1423250867260823E-10,7000.0,87.4857142857143,71.88365482041716,73.03785780240075,65.4710287741427,86.30216680698459,88.05783350039826,84.61513936116086,7000.0,1112.0,0.0,0.0
7100.0,0.076204,1.151299311055077E-10,7100.0,87.47887323943661,71.83252834017419,73.01153612629022,65.35463756819952,86.27204637415821,88.02366548905209,84.58877946861007,7100.0,1112.0,0.0,0.0
7200.0,0.076791,1.1601677785317099E-10,7200.0,87.48611111111111,71.89205077802067,73.1365533691115,65.49214860206817,86.30717942936525,88.06326427540561,84.61976205902263,7200.0,1112.0,0.0,0.0
7300.0,0.077344,1.1685225698682993E-10,7300.0,87.5068493150685,71.90867111339148,73.13696612665684,65.45454545454544,86.30800890169473,88.05180366849767,84.63194173494603,7300.0,1112.0,0.0,0.0
7400.0,0.077916,1.1771644155184425E-10,7400.0,87.5,71.88660935176641,73.10264611805756,65.44639521852821,86.30478952684085,88.07056158534485,84.60843149796445,7400.0,1112.0,0.0,0.0
7500.0,0.078623,1.1878458576069936E-10,7500.0,87.50666666666666,71.91247002398082,73.12105565117612,65.48802946593003,86.31721979328269,88.07936507936508,84.62419970326238,7500.0,1112.0,0.0,0.0
7600.0,0.079184,1.1963215139177108E-10,7600.0,87.52631578947368,71.97403568362496,73.19004524886878,65.56483835815474,86.34285216125662,88.08796375396004,84.66554219861507,7600.0,1112.0,0.0,0.0
7700.0,0.079735,1.2046460890107683E-10,7700.0,87.6103896103896,72.1555827378107,73.38169642857142,65.7696447793326,86.43138897285422,88.17457500335907,84.7557913142574,7700.0,1112.0,0.0,0.0
7800.0,0.080266,1.2126685016685062E-10,7800.0,87.66666666666667,72.26314628392106,73.50592123381989,65.86231369765792,86.48000414991226,88.215309819543,84.81165268066529,7800.0,1112.0,0.0,0.0
7900.0,0.080808,1.2208571036656698E-10,7900.0,87.67088607594937,72.26142794849494,73.5110144139244,65.84852734922862,86.47932893456624,88.21780822084962,84.80804473408712,7900.0,1112.0,0.0,0.0
8000.0,0.081354,1.2291061381498973E-10,8000.0,87.675,72.2818171742676,73.50174684224672,65.89415427187825,86.49211737285074,88.23509205595917,84.81666938499276,8000.0,1112.0,0.0,0.0
8100.0,0.081892,1.237234307659997E-10,8100.0,87.74074074074075,72.40347408877908,73.61148020196651,65.9931506849315,86.54688501500675,88.28140357043681,84.879211403184,8100.0,1112.0,0.0,0.0
8200.0,0.082419,1.2451962878306706E-10,8200.0,87.71951219512195,72.35219739327033,73.52090454904024,65.94521474467365,86.52673716150949,88.27624892339688,84.84522352330765,8200.0,1112.0,0.0,0.0
8300.0,0.082982,1.25370216038492E-10,8300.0,87.65060240963855,72.21503353007779,73.38353674370293,65.82194064688231,86.46539438651482,88.2281890445093,84.77166098062368,8300.0,1112.0,0.0,0.0
8400.0,0.08354,1.2621324923303392E-10,8400.0,87.6547619047619,72.23412230909285,73.3829568788501,65.85446163977609,86.47453653776506,88.23412698412699,84.78375441774703,8400.0,1112.0,0.0,0.0
8500.0,0.084108,1.2707139054934183E-10,8500.0,87.70588235294117,72.38139905804792,73.51077313054499,66.0493827160494,86.54222271025127,88.27989032967729,84.87164175312525,8500.0,1112.0,0.0,0.0
8600.0,0.08467,1.2792046699259017E-10,8600.0,87.69767441860465,72.38750094683911,73.5168961201502,66.06799230275819,86.5404276804509,88.25926526640175,84.88725946411826,8600.0,1112.0,0.0,0.0
8700.0,0.085229,1.287650109993087E-10,8700.0,87.62068965517241,72.24131413450633,73.38769458858414,65.92850363808921,86.46985376186338,88.18715117043867,84.81816179186453,8700.0,1112.0,0.0,0.0
8800.0,0.085871,1.2973495241668488E-10,8800.0,87.60227272727272,72.18526776402092,73.35124572545188,65.85289514866979,86.44448351574778,88.17172988830322,84.78360897868129,8800.0,1112.0,0.0,0.0
8900.0,0.086713,1.3100705626938078E-10,8900.0,87.62921348314606,72.21628365255114,73.38651196519216,65.86046511627906,86.4607795030355,88.19767720881124,84.79097087047091,8900.0,1112.0,0.0,0.0
9000.0,0.0874,1.3204498423470392E-10,9000.0,87.65555555555555,72.27839181735976,73.45914954610606,65.9306961054891,86.4892853612139,88.21944876038641,84.82568067899344,9000.0,1112.0,0.0,0.0
9100.0,0.088005,1.3295902560154598E-10,9100.0,87.63736263736264,72.237486896365,73.44819447722445,65.88841722255913,86.47108170886887,88.20673402593538,84.80241647293786,9100.0,1112.0,0.0,0.0
9200.0,0.088563,1.338020587960879E-10,9200.0,87.65217391304347,72.2443415764636,73.4765351389213,65.8653846153846,86.47384327747717,88.21424100230361,84.80079025623559,9200.0,1112.0,0.0,0.0
9300.0,0.089118,1.3464055955410004E-10,9300.0,87.68817204301075,72.30842925328326,73.51376359009946,65.92261904761904,86.5052512896198,88.24881970453367,84.82924482924483,9300.0,1112.0,0.0,0.0
9400.0,0.089649,1.3544280081987383E-10,9400.0,87.68085106382979,72.30603334226173,73.53142857142858,65.9211300765156,86.49982251490862,88.22863874945011,84.8374555940643,9400.0,1112.0,0.0,0.0
9500.0,0.090186,1.362541069587072E-10,9500.0,87.67368421052632,72.30004012877463,73.50079203439692,65.91967403958091,86.49522752929838,88.21724539923521,84.83915072751343,9500.0,1112.0,0.0,0.0
9600.0,0.09073,1.3707598878277675E-10,9600.0,87.69791666666666,72.36614853195164,73.53797893793411,66.00460564191133,86.52579535164759,88.23911472762187,84.87774298736323,9600.0,1112.0,0.0,0.0
9700.0,0.091274,1.378978706068463E-10,9700.0,87.65979381443299,72.30991262630207,73.45898004434589,65.96531134489621,86.4966025475842,88.19927215465444,84.85842729367319,9700.0,1112.0,0.0,0.0
9800.0,0.0918,1.3869255781173708E-10,9800.0,87.66326530612245,72.33786052745637,73.52747974600395,66.02023608768972,86.51012636004235,88.20703281242209,84.87727697861357,9800.0,1112.0,0.0,0.0
9900.0,0.092343,1.3951292882363004E-10,9900.0,87.70707070707071,72.4299307937099,73.61803598525906,66.11915367483297,86.55438359554248,88.24911395532864,84.923517772885,9900.0,1112.0,0.0,0.0
10000.0,0.092882,1.403272565868166E-10,10000.0,87.7,72.39092811688576,73.57679914070891,66.01271069356176,86.52507333349514,88.19841750267005,84.91404196772861,10000.0,1112.0,0.0,0.0
10100.0,0.093475,1.4122316820753948E-10,10100.0,87.73267326732673,72.48070907360099,73.63268780591615,66.12903225806451,86.56666933739461,88.2281547035721,84.96660447796029,10100.0,1112.0,0.0,0.0
10200.0,0.094047,1.420873527725538E-10,10200.0,87.73529411764706,72.4719364852098,73.57972544878564,66.08837083220385,86.55834838338421,88.21244178707227,84.96514583261082,10200.0,1112.0,0.0,0.0
10300.0,0.094604,1.4292887515491914E-10,10300.0,87.74757281553399,72.53624887238595,73.61488605477734,66.20246384574183,86.58892120529792,88.23068469485496,85.00714022228418,10300.0,1112.0,0.0,0.0
10400.0,0.09516,1.4376888672510787E-10,10400.0,87.76923076923076,72.57960522740244,73.6536868268434,66.25099495887503,86.61107854667792,88.25588783453051,85.02645561288047,10400.0,1112.0,0.0,0.0
10500.0,0.095711,1.4460134423441363E-10,10500.0,87.77142857142857,72.57807134143633,73.65072850400163,66.22830089426617,86.60640063516432,88.24197706910955,85.03035208481211,10500.0,1112.0,0.0,0.0
10600.0,0.096254,1.4542171524630659E-10,10600.0,87.81132075471699,72.66507459102199,73.70777370777371,66.31908237747653,86.64635307525303,88.27368489043668,85.07793513966166,10600.0,1112.0,0.0,0.0
10700.0,0.096804,1.4625266194343572E-10,10700.0,87.80373831775701,72.66518578864506,73.7265955305013,66.34863331614234,86.64930994517536,88.28060406773393,85.07720977954254,10700.0,1112.0,0.0,0.0
10800.0,0.097347,1.4707303295532868E-10,10800.0,87.82407407407408,72.69441625614722,73.74725494110601,66.36828644501279,86.6646574646748,88.30219580262198,85.08674865162827,10800.0,1112.0,0.0,0.0
10900.0,0.097904,1.47914555337694E-10,10900.0,87.81651376146789,72.68854511333407,73.80670611439841,66.3627152988855,86.65857683236362,88.28472752556775,85.09124807771455,10900.0,1112.0,0.0,0.0
11000.0,0.098447,1.4873492634958697E-10,11000.0,87.83636363636363,72.73188899422134,73.8262910798122,66.4156626506024,86.68067554238952,88.3087702139858,85.11152649365994,11000.0,1112.0,0.0,0.0
11100.0,0.098975,1.4953263517883094E-10,11100.0,87.90090090090091,72.85371676436364,73.91726548844436,66.52542372881356,86.73791336604806,88.36260338007911,85.17188980462676,11100.0,1112.0,0.0,0.0
11200.0,0.099521,1.503575386272537E-10,11200.0,87.90178571428572,72.85779775296332,73.93729563377573,66.52667984189723,86.73821648706993,88.35760427266257,85.17711953205826,11200.0,1112.0,0.0,0.0
11300.0,0.100249,1.5145740989181737E-10,11300.0,87.87610619469027,72.7875262140444,73.89481707317073,66.43802057814796,86.70629278354204,88.33684109484821,85.13484783875685,11300.0,1112.0,0.0,0.0
11400.0,0.100864,1.5238655938042542E-10,11400.0,87.89473684210526,72.83150059365899,73.93767705382434,66.4885866925692,86.72671474830474,88.3528825290546,85.15932557528734,11400.0,1112.0,0.0,0.0
11500.0,0.101411,1.5321297364102476E-10,11500.0,87.90434782608696,72.85371876815806,73.92689784442362,66.5142031776601,86.73719419277384,88.36169990322573,85.17134233454946,11500.0,1112.0,0.0,0.0
11600.0,0.101959,1.540408987138007E-10,11600.0,87.88793103448276,72.82721234808297,73.89931265093814,66.49976156413925,86.72572706902287,88.35247553766803,85.15779908053776,11600.0,1112.0,0.0,0.0
11700.0,0.102514,1.5487939947181284E-10,11700.0,87.85470085470085,72.74596936005476,73.83538943104399,66.40661938534278,86.68894751096322,88.32703471405023,85.11051297388134,11700.0,1112.0,0.0,0.0
11800.0,0.103056,1.556982596715292E-10,11800.0,87.86440677966102,72.77240868663546,73.88291081524713,66.44798500468603,86.7032979090398,88.34370979100014,85.12269549329298,11800.0,1112.0,0.0,0.0
11900.0,0.103585,1.5649747931294978E-10,11900.0,87.84033613445378,72.73435097136793,73.85727190605239,66.39572689270784,86.6774251173399,88.29463546747418,85.11839106851046,11900.0,1112.0,0.0,0.0
12000.0,0.104136,1.573299368222555E-10,12000.0,87.86666666666667,72.8113172642907,73.91148539688228,66.51333946642136,86.71692770411481,88.33358741572515,85.15837986449178,12000.0,1112.0,0.0,0.0
12100.0,0.104678,1.5814879702197187E-10,12100.0,87.89256198347107,72.86013580878985,73.9833066950808,66.56777727065267,86.7428983873944,88.36663385390338,85.17775845472106,12100.0,1112.0,0.0,0.0
12200.0,0.105309,1.5910211950540548E-10,12200.0,87.8688524590164,72.81064969627164,73.92070484581497,66.50825978728217,86.71717873888183,88.33677737027807,85.15589948057307,12200.0,1112.0,0.0,0.0
12300.0,0.105848,1.5991644726859203E-10,12300.0,87.88617886178862,72.8418197151466,73.98288807403529,66.53941163260725,86.73330010149931,88.35656191501,85.16860650486248,12300.0,1112.0,0.0,0.0
12400.0,0.106386,1.60729264219602E-10,12400.0,87.87096774193547,72.81056576375883,73.92510402219139,66.51079937653083,86.71946727020585,88.34667434494673,85.15111733983414,12400.0,1112.0,0.0,0.0
12500.0,0.106931,1.6155265685584814E-10,12500.0,87.856,72.7765648503975,73.86813565157514,66.47526501766785,86.70430454874636,88.33631644218984,85.13150155402568,12500.0,1112.0,0.0,0.0
12600.0,0.107471,1.623684954312113E-10,12600.0,87.83333333333333,72.7104423056383,73.8217213114754,66.38157894736841,86.6724161113243,88.31056183363116,85.09393820371824,12600.0,1112.0,0.0,0.0
12700.0,0.107992,1.631556285752191E-10,12700.0,87.75590551181102,72.56780919191269,73.64406779661017,66.26898047722344,86.60866038953488,88.25851235997331,85.01935921533507,12700.0,1112.0,0.0,0.0
12800.0,0.108558,1.640107482671738E-10,12800.0,87.6875,72.4121090010527,73.49924331595761,66.07834696513129,86.5311896199101,88.18087232696364,84.94209772258539,12800.0,1112.0,0.0,0.0
12900.0,0.109101,1.6483111927906677E-10,12900.0,87.5813953488372,72.18783911791773,73.29109703234413,65.83493282149712,86.42306215672753,88.07781383477776,84.82934078802735,12900.0,1112.0,0.0,0.0
13000.0,0.109644,1.6565149029095973E-10,13000.0,87.53846153846155,72.10352163235463,73.20542507442939,65.77946768060838,86.39072999383787,88.06797678159312,84.7761752731398,13000.0,1112.0,0.0,0.0
13100.0,0.110415,1.6681632647911714E-10,13100.0,87.42748091603053,71.90533832037005,72.98671477775954,65.57993730407523,86.28683332304848,87.93696727511195,84.69748807878901,80.0,1112.0,1.0,0.0
13200.0,0.110988,1.6768202185630805E-10,13200.0,87.35606060606061,71.77010324924434,72.84854400520578,65.41649399088271,86.21121471609698,87.83272715718584,84.64848769665862,180.0,1112.0,0.0,0.0
13300.0,0.11155,1.685310982995564E-10,13300.0,87.36842105263159,71.80790016221562,72.86821705426357,65.45342381246145,86.22424044452451,87.82805452842102,84.67794991807163,280.0,1112.0,0.0,0.0
13400.0,0.112101,1.6936355580886212E-10,13400.0,87.35074626865672,71.79549765095351,72.88433850583907,65.46454767726163,86.2165885916607,87.81000317590785,84.67997206057305,380.0,1112.0,0.0,0.0
13500.0,0.112637,1.7017335113551888E-10,13500.0,87.4,71.9329367875982,73.00428503412158,65.65717746820108,86.28367419731008,87.86768036567287,84.75576703923161,480.0,1112.0,0.0,0.0
13600.0,0.11318,1.7099372214741184E-10,13600.0,87.41911764705883,72.00198691850663,73.06360201511333,65.75945567340403,86.31473268767874,87.88390220244942,84.80061534537833,580.0,1112.0,0.0,0.0
13700.0,0.113723,1.718140931593048E-10,13700.0,87.44525547445255,72.09066436039191,73.11659893716786,65.89331746976008,86.35644350177908,87.91222946210398,84.85476559208915,680.0,1112.0,0.0,0.0
13800.0,0.114276,1.7264957229296375E-10,13800.0,87.44202898550725,72.1076000929117,73.13178294573643,65.93276980538629,86.36219144620871,87.9050873869988,84.8725225944047,780.0,1112.0,0.0,0.0
13900.0,0.114884,1.735681460963356E-10,13900.0,87.41726618705036,72.07407820255166,73.10058443555829,65.89978553324235,86.34031296011732,87.86397942860145,84.86859012397487,880.0,1112.0,0.0,0.0
14000.0,0.115441,1.7440966847870093E-10,14000.0,87.41428571428571,72.09453775124418,73.11975591151791,65.9582689335394,86.35092915813347,87.86936174290825,84.88408387410476,980.0,1112.0,0.0,0.0
14100.0,0.115993,1.7524363680018328E-10,14100.0,87.41134751773049,72.10900022252622,73.07342233009709,66.00268147864395,86.35865202608717,87.87349312006876,84.89515417639339,1080.0,1112.0,0.0,0.0
14200.0,0.116539,1.7606854024860603E-10,14200.0,87.4225352112676,72.15285103870332,73.15496768375168,66.06498194945848,86.37672878699789,87.87714289752479,84.92669068983338,1180.0,1112.0,0.0,0.0
14300.0,0.117077,1.76881357199616E-10,14300.0,87.46153846153845,72.26056664483276,73.2427995821519,66.20806633999246,86.42701092469312,87.91379278204353,84.98968110498927,1280.0,1112.0,0.0,0.0
14400.0,0.117618,1.7769870658715576E-10,14400.0,87.5,72.34154908837233,73.32147621164961,66.27950543274635,86.4615772123682,87.93423061345298,85.037437034032,1380.0,1112.0,0.0,0.0
14500.0,0.118162,1.7852058841122532E-10,14500.0,87.49655172413793,72.36936860541412,73.33823529411764,66.35739469289292,86.47575340710809,87.94084362103635,85.05867990175558,1480.0,1112.0,0.0,0.0
14600.0,0.118708,1.7934549185964807E-10,14600.0,87.48630136986301,72.37373251958287,73.32846715328468,66.38454461821527,86.47473810771048,87.9247160773327,85.07180782054043,1580.0,1112.0,0.0,0.0
14700.0,0.119237,1.8014471150106863E-10,14700.0,87.46258503401361,72.32605531295488,73.28598347586606,66.337899543379,86.4522760109285,87.90433777563989,85.04740691242529,1680.0,1112.0,0.0,0.0
14800.0,0.119773,1.809545068277254E-10,14800.0,87.4527027027027,72.3095679794484,73.26903699438606,66.3098693759071,86.4399094469754,87.87942919547915,85.04679009012051,1780.0,1112.0,0.0,0.0
14900.0,0.120553,1.821329403254722E-10,14900.0,87.44295302013423,72.31712584839804,73.25996855795341,66.34892086330935,86.44195929052596,87.86986986986986,85.05971454100103,1880.0,1112.0,0.0,0.0
15000.0,0.121448,1.834851172235278E-10,15000.0,87.45333333333333,72.37244643308026,73.27843248615648,66.45276292335117,86.46869577964476,87.88678015701751,85.09564732079298,1980.0,1112.0,0.0,0.0
15100.0,0.121991,1.8430548823542076E-10,15100.0,87.45033112582782,72.36748337510296,73.28351896235726,66.4423587745706,86.46440483548048,87.87718260553399,85.09633401835119,2080.0,1112.0,0.0,0.0
15200.0,0.122533,1.8512434843513713E-10,15200.0,87.51315789473684,72.50655277518986,73.40991874474642,66.59626891939456,86.53004216324148,87.93348543348543,85.17069382756428,2180.0,1112.0,0.0,0.0
15300.0,0.123108,1.8599306543668123E-10,15300.0,87.5359477124183,72.56804215411651,73.45120423221496,66.67831556875767,86.5590889331721,87.95577549903307,85.2060661526882,2280.0,1112.0,0.0,0.0
15400.0,0.123678,1.8685422837734234E-10,15400.0,87.54545454545455,72.6172810865781,73.49364289662797,66.77061677061677,86.58293059685793,87.97106206312655,85.23792639912291,2380.0,1112.0,0.0,0.0
15500.0,0.124305,1.8780150761206956E-10,15500.0,87.57419354838709,72.68790134686623,73.56937011115684,66.86166551961458,86.61734893955901,88.00191768319259,85.27567327031461,2480.0,1112.0,0.0,0.0
15600.0,0.124853,1.886294326848455E-10,15600.0,87.58974358974359,72.72428897839865,73.62757117558914,66.90032484185329,86.63337141434063,88.01186939361943,85.2973893511437,2580.0,1112.0,0.0,0.0
15700.0,0.125405,1.8946340100632786E-10,15700.0,87.59872611464968,72.78461035550745,73.65715058855365,67.01677113332205,86.66129663949978,88.0243087556232,85.33985198530681,2680.0,1112.0,0.0,0.0
15800.0,0.125948,1.9028377201822082E-10,15800.0,87.62025316455696,72.84875388547346,73.6990722065349,67.10946695813014,86.691680985334,88.04654058788739,85.3778866130504,2780.0,1112.0,0.0,0.0
15900.0,0.126487,1.9109809978140737E-10,15900.0,87.62264150943396,72.86292404803251,73.69687249398557,67.13426853707415,86.69771984388368,88.04766589989921,85.38854343068704,2880.0,1112.0,0.0,0.0
16000.0,0.127028,1.9191544916894714E-10,16000.0,87.61875,72.87567481343469,73.70237621133678,67.1748135874068,86.70341344406617,88.04633992495394,85.40083747964604,2980.0,1112.0,0.0,0.0
16100.0,0.127567,1.927297769321337E-10,16100.0,87.64596273291926,72.94163374807242,73.77027561651062,67.25925925925927,86.7356039925619,88.07542342978122,85.43593690670444,3080.0,1112.0,0.0,0.0
16200.0,0.128112,1.9355316956837985E-10,16200.0,87.6358024691358,72.9369745418103,73.74492069733911,67.27658879268094,86.73323006393284,88.06847941160083,85.43786475343398,3180.0,1112.0,0.0,0.0
16300.0,0.128654,1.943720297680962E-10,16300.0,87.66871165644173,73.01163334273777,73.81107491856677,67.36483195323918,86.76929147039051,88.10114883236075,85.4771027745675,3280.0,1112.0,0.0,0.0
16400.0,0.129189,1.9518031428257638E-10,16400.0,87.6829268292683,73.05342384849426,73.84097384097385,67.4298613350532,86.79045092837801,88.12070522349137,85.49976192131052,3380.0,1112.0,0.0,0.0
16500.0,0.129767,1.9605356372065028E-10,16500.0,87.70909090909092,73.13519111731979,73.90297259040022,67.552,86.82906236616418,88.14772870948438,85.54926829268292,3480.0,1112.0,0.0,0.0
16600.0,0.130376,1.9697364833619872E-10,16600.0,87.72289156626506,73.15709314776223,73.9252814738997,67.57358790771679,86.84179397924974,88.1675415643676,85.55532546580642,3580.0,1112.0,0.0,0.0
16700.0,0.130927,1.9780610584550445E-10,16700.0,87.73652694610779,73.18423545786787,73.94070492429063,67.60006328112641,86.85467968973406,88.1795112896822,85.56906805859536,3680.0,1112.0,0.0,0.0
16800.0,0.131459,1.9860985792345483E-10,16800.0,87.76785714285714,73.2558472816231,74.01365705614568,67.69375884294921,86.89159340652127,88.21925393040455,85.60330179841628,3780.0,1112.0,0.0,0.0
16900.0,0.131996,1.994211640622882E-10,16900.0,87.76923076923076,73.27913917281577,74.03918613413715,67.74847870182555,86.90322339546029,88.22584220424149,85.619674392984,3880.0,1112.0,0.0,0.0
17000.0,0.132542,2.0024606751071094E-10,17000.0,87.75294117647059,73.24460931112391,74.00424522412287,67.69087523277469,86.88097331801117,88.18963220351542,85.61058528791143,3980.0,1112.0,0.0,0.0
17100.0,0.133103,2.0109363314178266E-10,17100.0,87.78362573099415,73.31946756377002,74.08188585607941,67.78223318938927,86.91600800030595,88.21687566734586,85.65294862968005,4080.0,1112.0,0.0,0.0
17200.0,0.133639,2.0190342846843942E-10,17200.0,87.78488372093022,73.33346478233344,74.09051670982858,67.81063275624328,86.92206111969676,88.21762930605888,85.66399571443363,4180.0,1112.0,0.0,0.0
17300.0,0.134181,2.027222886681558E-10,17300.0,87.78034682080926,73.34371240638153,74.08678597695514,67.84790874524715,86.92661187058289,88.2155721035049,85.67477642762815,4280.0,1112.0,0.0,0.0
17400.0,0.134789,2.0364086247152764E-10,17400.0,87.79885057471265,73.37810630198645,74.12553321145641,67.87713723710091,86.9427500862172,88.23068527142513,85.69187483407875,4380.0,1112.0,0.0,0.0
17500.0,0.135341,2.0447483079301E-10,17500.0,87.78857142857143,73.37657437544672,74.10638555676724,67.90327425653348,86.94191929150156,88.22431136947311,85.6962737225244,4480.0,1112.0,0.0,0.0
17600.0,0.135872,2.0527707205878378E-10,17600.0,87.77272727272727,73.36495176398896,74.08165723232565,67.91411957656179,86.93432984107264,88.20594851320863,85.69885462026619,4580.0,1112.0,0.0,0.0
17700.0,0.13641,2.0608988900979373E-10,17700.0,87.77401129943503,73.38379563551452,74.0931401891536,67.95498297053162,86.9427749581498,88.20779670876036,85.71352451902968,4680.0,1112.0,0.0,0.0
17800.0,0.136957,2.0691630327039308E-10,17800.0,87.76404494382022,73.36729160969114,74.11457095317328,67.94701986754967,86.93580684366779,88.20278517746758,85.70471178563226,4780.0,1112.0,0.0,0.0
17900.0,0.137495,2.0772912022140303E-10,17900.0,87.77653631284916,73.39891527354966,74.15544531065439,67.98829553767374,86.95092394249812,88.21516535070133,85.72240709698724,4880.0,1112.0,0.0,0.0
18000.0,0.138026,2.0853136148717682E-10,18000.0,87.78333333333333,73.43956612187202,74.1749853200235,68.07027733410774,86.97068657239345,88.22704404185255,85.74960791586295,4980.0,1112.0,0.0,0.0
18100.0,0.138565,2.0934568925036337E-10,18100.0,87.77900552486187,73.44140703627457,74.15887850467288,68.0715935334873,86.96702560645322,88.20822387142348,85.76027302254316,5080.0,1112.0,0.0,0.0
18200.0,0.139105,2.1016152782572652E-10,18200.0,87.7967032967033,73.49589871027386,74.21639192013001,68.15770609318996,86.99398525449689,88.23070084065604,85.79146011447183,5180.0,1112.0,0.0,0.0
18300.0,0.139651,2.1098643127414927E-10,18300.0,87.82513661202186,73.57208330885369,74.30219146482122,68.2530635508692,87.02778959575946,88.2498757594954,85.83908807140087,5280.0,1112.0,0.0,0.0
18400.0,0.14026,2.1190651588969771E-10,18400.0,87.82065217391303,73.57190047430907,74.31518624641834,68.25779036827194,87.02536993094033,88.23870590721683,85.84494956307988,5380.0,1112.0,0.0,0.0
18500.0,0.140819,2.1275105989641624E-10,18500.0,87.82702702702703,73.59403444985317,74.31862241988824,68.2950865831339,87.03624285883558,88.24707725122775,85.8581863370389,5480.0,1112.0,0.0,0.0
18600.0,0.141444,2.1369531750679027E-10,18600.0,87.82258064516128,73.58591242643723,74.30516165626771,68.29063418731624,87.03302665542611,88.24566799886817,85.85326093949448,5580.0,1112.0,0.0,0.0
18700.0,0.142011,2.145519480109216E-10,18700.0,87.8288770053476,73.62156089020756,74.30861271023818,68.3625243258271,87.05042728607802,88.25646436227224,85.87690719534177,5680.0,1112.0,0.0,0.0
18800.0,0.142553,2.1537080821063795E-10,18800.0,87.82446808510637,73.62881700157028,74.30399640772339,68.39707303603477,87.0546342380551,88.25784753283268,85.88378635945605,5780.0,1112.0,0.0,0.0
18900.0,0.143094,2.1618815759817772E-10,18900.0,87.80952380952381,73.60761527358412,74.2656092929744,68.38638858397364,87.04364077484573,88.2426870132827,85.87674310575419,5880.0,1112.0,0.0,0.0
19000.0,0.143636,2.170070177978941E-10,19000.0,87.81052631578947,73.61368087832551,74.26952560826574,68.40381991814462,87.04797807584484,88.2495048798152,85.8787296399041,5980.0,1112.0,0.0,0.0
19100.0,0.144184,2.1783494287067003E-10,19100.0,87.8324607329843,73.65568776101335,74.30056397213315,68.44106463878327,87.06764772698693,88.26742493491648,85.90004913455425,6080.0,1112.0,0.0,0.0
19200.0,0.144739,2.1867344362868217E-10,19200.0,87.82291666666666,73.64888548761395,74.31051532798593,68.45655693470046,87.06530137255533,88.26414214876807,85.89859051554986,6180.0,1112.0,0.0,0.0
19300.0,0.14534,2.1958144174681782E-10,19300.0,87.82901554404145,73.67908921707546,74.36429117101387,68.51206434316354,87.07909062616692,88.27016025523533,85.91973634156945,6280.0,1112.0,0.0,0.0
19400.0,0.145926,2.2046677768230451E-10,19400.0,87.80927835051546,73.65740676946255,74.31860136822674,68.51284782319264,87.06718997064652,88.24967203339295,85.91597773121697,6380.0,1112.0,0.0,0.0
19500.0,0.146479,2.2130225681596346E-10,19500.0,87.84102564102564,73.73564045158895,74.39801317352337,68.62096347273689,87.10673602314291,88.28837790324637,85.95630633090296,6480.0,1112.0,0.0,0.0
19600.0,0.147017,2.2211507376697342E-10,19600.0,87.8061224489796,73.65535690906319,74.33419243986256,68.51119894598156,87.06445498284235,88.24112810256891,85.9187501851224,6580.0,1112.0,0.0,0.0
19700.0,0.147564,2.2294148802757276E-10,19700.0,87.82233502538071,73.71169546895747,74.39701173959446,68.60769432085843,87.09229448888047,88.2628204320474,85.95240881668984,6680.0,1112.0,0.0,0.0
19800.0,0.148108,2.2376336985164232E-10,19800.0,87.81313131313131,73.69707613823701,74.376128278645,68.58890913824524,87.08243407215184,88.24470548100867,85.95038121837513,6780.0,1112.0,0.0,0.0
19900.0,0.148659,2.2459582736094805E-10,19900.0,87.80402010050251,73.68250755141744,74.35816164817749,68.58659073259125,87.07723210535293,88.24351033075595,85.94138018832204,6880.0,1112.0,0.0,0.0
20000.0,0.149196,2.254071334997814E-10,20000.0,87.8,73.68233689717276,74.35897435897436,68.60120962553081,87.07781253069426,88.24354251202328,85.94248043431551,6980.0,1112.0,0.0,0.0
20100.0,0.149744,2.2623505857255735E-10,20100.0,87.79104477611939,73.67891250867828,74.346644365461,68.61089792785877,87.07341353230407,88.22777392651562,85.94887001212115,7080.0,1112.0,0.0,0.0
20200.0,0.150289,2.270584512088035E-10,20200.0,87.82178217821782,73.74424585429135,74.40699126092385,68.68236791852324,87.10486411457407,88.25678537326276,85.98262503419228,7180.0,1112.0,0.0,0.0
20300.0,0.150833,2.2788033303287306E-10,20300.0,87.84729064039409,73.80046330398099,74.47755017587421,68.7444571138984,87.13125669782322,88.27875613925596,86.013206213177,7280.0,1112.0,0.0,0.0
20400.0,0.151396,2.28730920288298E-10,20400.0,87.84803921568628,73.80295681028016,74.48275862068967,68.74684820978317,87.13198812694345,88.27790794864416,86.01543703772732,7380.0,1112.0,0.0,0.0
20500.0,0.151963,2.295875507924293E-10,20500.0,87.84390243902439,73.80060776271694,74.48028673835125,68.75626880641926,87.13150849299214,88.2774704513126,86.01491755688656,7480.0,1112.0,0.0,0.0
20600.0,0.152501,2.3040036774343926E-10,20600.0,87.85922330097088,73.82823909055654,74.50300744214499,68.76873126873127,87.14193314773694,88.28058835907756,86.03227696699743,7580.0,1112.0,0.0,0.0
20700.0,0.153108,2.3131743073463452E-10,20700.0,87.85507246376811,73.82158972578965,74.47974824890873,68.77018633540372,87.14024595861702,88.28257310380882,86.02710333145116,7680.0,1112.0,0.0,0.0
20800.0,0.153672,2.3216952880223605E-10,20800.0,87.85576923076923,73.8407589860255,74.48742551257449,68.82251295976303,87.15080687376752,88.29107626967514,86.03961485080035,7780.0,1112.0,0.0,0.0
20900.0,0.154227,2.3300802956024816E-10,20900.0,87.86124401913875,73.86295913815242,74.50251256281406,68.86352479135984,87.16171776038595,88.29882619058269,86.05352423083865,7880.0,1112.0,0.0,0.0
21000.0,0.154771,2.338299113843177E-10,21000.0,87.87619047619047,73.90657795521352,74.5272636318159,68.92848425677325,87.1825220299589,88.31419754808107,86.07948258937539,7980.0,1112.0,0.0,0.0
21100.0,0.155317,2.3465481483274047E-10,21100.0,87.86255924170617,73.88484628928406,74.5047287207566,68.90103217972072,87.16798649719722,88.28776831885925,86.07625401423545,8080.0,1112.0,0.0,0.0
21200.0,0.155855,2.354676317837504E-10,21200.0,87.83962264150944,73.85322287723012,74.43981756890739,68.89478764478763,87.15340606230428,88.27136414793526,86.06341172558645,8180.0,1112.0,0.0,0.0
21300.0,0.15642,2.363212406635285E-10,21300.0,87.83568075117371,73.84636352788402,74.43764798737173,68.89182374834914,87.15072503859602,88.2701504208483,86.05933677756671,8280.0,1112.0,0.0,0.0
21400.0,0.156964,2.3714312248759805E-10,21400.0,87.84579439252337,73.86409037752415,74.46244477172314,68.90243902439026,87.15841086198691,88.27598147663079,86.06878329355825,8380.0,1112.0,0.0,0.0
21500.0,0.157515,2.379755799969038E-10,21500.0,87.85116279069769,73.88347289074444,74.48720453213518,68.93065302723922,87.16630850000833,88.27717224615357,86.08305512137593,8480.0,1112.0,0.0,0.0
21600.0,0.158043,2.387732888261478E-10,21600.0,87.83796296296296,73.85892776824701,74.44801089388193,68.90388257575758,87.15303540040618,88.26004211928402,86.07345408925016,8580.0,1112.0,0.0,0.0
21700.0,0.158585,2.3959214902586414E-10,21700.0,87.84792626728111,73.8846933193348,74.49956483899042,68.93627046766404,87.16465584650244,88.2673446090765,86.08917805076443,8680.0,1112.0,0.0,0.0
21800.0,0.159129,2.404140308499337E-10,21800.0,87.85321100917432,73.90031408746445,74.50168512277324,68.96390060947023,87.17322575532893,88.27686695889408,86.09683935107626,8780.0,1112.0,0.0,0.0
21900.0,0.159672,2.412344018618266E-10,21900.0,87.84474885844749,73.8938323208236,74.49458656702117,68.95988805970148,87.16609033372418,88.25623581706607,86.10254731950424,8880.0,1112.0,0.0,0.0
22000.0,0.160218,2.420593053102494E-10,22000.0,87.83636363636363,73.8832287714617,74.45833731029875,68.95951745737153,87.16101542847726,88.24967026021596,86.09889275617739,8980.0,1112.0,0.0,0.0
22100.0,0.160749,2.4286154657602317E-10,22100.0,87.85067873303167,73.92695549042158,74.49415787973781,69.02756950051909,87.18196193605515,88.26497601944645,86.12520293693544,9080.0,1112.0,0.0,0.0
22200.0,0.161304,2.437000473340353E-10,22200.0,87.83783783783784,73.90771804998771,74.47532614861034,69.00826446280992,87.16976533709853,88.24357779126792,86.1217725622449,9180.0,1112.0,0.0,0.0
22300.0,0.161849,2.4452343997028144E-10,22300.0,87.85650224215247,73.96229942883095,74.54647993232447,69.09028649697524,87.19578179264987,88.26265720548948,86.15439007177994,9280.0,1112.0,0.0,0.0
22400.0,0.162389,2.453392785456446E-10,22400.0,87.87053571428571,74.00511946340028,74.57182966775854,69.16004540295118,87.21709424573,88.28053074997365,86.17897332200766,9380.0,1112.0,0.0,0.0
22500.0,0.162922,2.4614454143577156E-10,22500.0,87.86222222222221,73.98428747918022,74.5551104071555,69.1237987563595,87.20475401352724,88.26379211733865,86.17082845266924,9480.0,1112.0,0.0,0.0
22600.0,0.163463,2.469618908233113E-10,22600.0,87.8716814159292,74.01478672087504,74.57564233373527,69.17107187043078,87.21877824135987,88.27199996418449,86.19039331102185,9580.0,1112.0,0.0,0.0
22700.0,0.164002,2.4777621858649786E-10,22700.0,87.88546255506607,74.04312004715806,74.59114848008869,69.19457824577124,87.23079033566033,88.27882641021647,86.20734663081286,9680.0,1112.0,0.0,0.0
22800.0,0.164549,2.4860263284709723E-10,22800.0,87.89912280701755,74.0895558979241,74.61588002576136,69.27274752199578,87.25311642242454,88.29442451740806,86.23608355342216,9780.0,1112.0,0.0,0.0
22900.0,0.165078,2.494018524885178E-10,22900.0,87.92139737991266,74.1415378305635,74.6610480029315,69.33821084137016,87.27846127350492,88.31724169395163,86.26383288526307,9880.0,1112.0,0.0,0.0
23000.0,0.165769,2.5044582370254737E-10,23000.0,87.93043478260869,74.16289194319914,74.67846392410836,69.35982339955848,87.28734382031186,88.32095500184857,86.27764528521796,9980.0,1112.0,0.0,0.0
23100.0,0.166319,2.5127677039967653E-10,23100.0,87.93073593073592,74.16404481232924,74.66375863322428,69.35253380235241,87.28538780311442,88.31211245920596,86.28226236889469,10080.0,1112.0,0.0,0.0
23200.0,0.166866,2.521031846602759E-10,23200.0,87.91810344827586,74.14786949862842,74.65412785966183,69.35272250164006,87.27785786181815,88.30300391816127,86.27624132975458,10180.0,1112.0,0.0,0.0
23300.0,0.167405,2.5291751242346245E-10,23300.0,87.92703862660944,74.16149644818688,74.65080652428585,69.35396012637543,87.28303853191393,88.30541211923129,86.28406746697583,10280.0,1112.0,0.0,0.0
23400.0,0.167975,2.537786753641236E-10,23400.0,87.93162393162393,74.17911743859547,74.69080480372827,69.38421509106679,87.291102652294,88.30947751609688,86.29594758692114,10380.0,1112.0,0.0,0.0
23500.0,0.168522,2.5460508962472295E-10,23500.0,87.94893617021276,74.21827190955675,74.72782437979653,69.43005181347151,87.30973492126991,88.32526905742904,86.31728787510416,10480.0,1112.0,0.0,0.0
23600.0,0.16907,2.554330146974989E-10,23600.0,87.97457627118645,74.27135832821143,74.77109076362343,69.48387096774195,87.33473479951586,88.34696236473152,86.34543950672983,10580.0,1112.0,0.0,0.0
23700.0,0.169602,2.562367667754493E-10,23700.0,87.98312236286921,74.29173300904979,74.79422957783875,69.50749464668095,87.34395387415907,88.35314329690601,86.35755846898057,10680.0,1112.0,0.0,0.0
23800.0,0.170151,2.5706620266040186E-10,23800.0,87.97058823529412,74.26792353093664,74.77533039647578,69.4841185248348,87.33201344125308,88.34013258845769,86.34664357442536,10780.0,1112.0,0.0,0.0
23900.0,0.170698,2.5789261692100123E-10,23900.0,87.97907949790795,74.29550624563717,74.79161182767396,69.53017287093012,87.34544576998276,88.3502255923676,86.36326305867831,10880.0,1112.0,0.0,0.0
24000.0,0.171241,2.5871298793289417E-10,24000.0,87.97916666666666,74.2979048041017,74.79248580166012,69.53537486800421,87.34634304214327,88.34972499279216,86.36549584990019,10980.0,1112.0,0.0,0.0
24100.0,0.171773,2.5951674001084455E-10,24100.0,87.96680497925311,74.28304844453287,74.76505395057431,69.54101459930679,87.34014531707595,88.34357373344494,86.3592552861603,11080.0,1112.0,0.0,0.0
24200.0,0.172407,2.6047459493080797E-10,24200.0,87.95454545454545,74.25989132721186,74.75534770936173,69.5211208699289,87.32921686100394,88.33339490062636,86.34761327694534,11180.0,1112.0,0.0,0.0
24300.0,0.172963,2.613146065009967E-10,24300.0,87.95473251028807,74.26821937457166,74.76941642961815,69.54214360041624,87.3329934733943,88.33401960377381,86.35440094240386,11280.0,1112.0,0.0,0.0
24400.0,0.173521,2.6215763969553863E-10,24400.0,87.95081967213115,74.26731288703418,74.77477477477478,69.5399917115624,87.32907590380208,88.31879706150394,86.36129101801549,11380.0,1112.0,0.0,0.0
24500.0,0.174099,2.6303088913361253E-10,24500.0,87.96734693877552,74.31171646929613,74.8141819735156,69.60824742268042,87.35165985901439,88.34020302677554,86.38499582056282,11480.0,1112.0,0.0,0.0
24600.0,0.174816,2.641141414642336E-10,24600.0,87.95528455284553,74.29359058632019,74.79370480646533,69.6040213377103,87.34385198999817,88.33352625894443,86.3761083091371,11580.0,1112.0,0.0,0.0
24700.0,0.17611,2.66069132420752E-10,24700.0,87.93927125506073,74.26247086827613,74.76920470907088,69.57099080694586,87.3278983977041,88.31547962356824,86.36216002175804,11680.0,1112.0,0.0,0.0
24800.0,0.177044,2.6748023099369495E-10,24800.0,87.9475806451613,74.28231308471524,74.80825958702066,69.5992676973149,87.33824341771118,88.32649977203562,86.37185692373728,11780.0,1112.0,0.0,0.0
24900.0,0.178207,2.692373055550789E-10,24900.0,87.94779116465864,74.28534499116394,74.7984548202889,69.60089141004863,87.33813227076894,88.32136920919615,86.37654606053573,11880.0,1112.0,0.0,0.0
25000.0,0.179019,2.704640850424768E-10,25000.0,87.928,74.25277210796557,74.75955507234255,69.582745414231,87.32300584701561,88.30645187413538,86.36122332519692,11980.0,1112.0,0.0,0.0
25100.0,0.179746,2.715624454948639E-10,25100.0,87.92828685258965,74.2445524195745,74.75,69.55079891468195,87.31678544787353,88.29699695108818,86.35809824201695,12080.0,1112.0,0.0,0.0
25200.0,0.180885,2.732832605640095E-10,25200.0,87.90873015873017,74.20742771422717,74.69058891934547,69.49949949949952,87.29423111943382,88.26226070410402,86.34720519335903,12180.0,1112.0,0.0,0.0
25300.0,0.182041,2.750297594401573E-10,25300.0,87.86561264822134,74.11510128743437,74.59240254903584,69.38266679964099,87.24601041030436,88.20800008279615,86.30477714100431,12280.0,1112.0,0.0,0.0
25400.0,0.183311,2.769484909044373E-10,25400.0,87.83070866141732,74.03969034727126,74.51352242744063,69.27740781234469,87.20442766653528,88.15568239559288,86.27348304101743,12380.0,1112.0,0.0,0.0
25500.0,0.184504,2.7875088983111927E-10,25500.0,87.82745098039216,74.03130129775185,74.50722733245728,69.25819550361493,87.19846619060635,88.1452279246102,86.27182653007758,12480.0,1112.0,0.0,0.0
25600.0,0.185898,2.808569620052975E-10,25600.0,87.77734375,73.92297156031383,74.40071995418474,69.12069475969605,87.142319791823,88.08334269845936,86.22119085701772,52.0,1112.0,1.0,0.0
25700.0,0.186685,2.820459711882805E-10,25700.0,87.74708171206225,73.85200352832027,74.33368652701931,69.03333661126955,87.1084321748446,88.05504896621812,86.18195171107985,152.0,1112.0,0.0,0.0
25800.0,0.187252,2.829026016924118E-10,25800.0,87.75581395348837,73.86568226255234,74.34210526315789,69.0385180829168,87.11457132357356,88.06064244531014,86.18861218061954,252.0,1112.0,0.0,0.0
25900.0,0.188165,2.842819732096462E-10,25900.0,87.76061776061776,73.86835907789425,74.35067562100495,69.02784562774794,87.11553610081631,88.0625593442668,86.18866468815894,352.0,1112.0,0.0,0.0
26000.0,0.188737,2.851461577746605E-10,26000.0,87.76923076923076,73.88135878269541,74.37343863325006,69.0390419628079,87.12318726053478,88.07485859920165,86.19186217904478,452.0,1112.0,0.0,0.0
26100.0,0.189367,2.8609796944591754E-10,26100.0,87.7816091954023,73.90776925011943,74.40199068871408,69.06586477834902,87.13535351205324,88.08433682811906,86.20660013535645,552.0,1112.0,0.0,0.0
26200.0,0.189946,2.8697272969616804E-10,26200.0,87.77862595419847,73.89799615026837,74.39628978090516,69.05682257441052,87.13244097532132,88.08767887741872,86.19769834634849,652.0,1112.0,0.0,0.0
26300.0,0.190502,2.8781274126635677E-10,26300.0,87.77186311787072,73.87715302897598,74.38266687908236,69.02629297890782,87.12309303014251,88.08280758976659,86.1840663848704,752.0,1112.0,0.0,0.0
26400.0,0.191054,2.886467095878391E-10,26400.0,87.75,73.82644720133733,74.34961928934008,68.96650993186833,87.09930928406244,88.06403655092662,86.1554898375368,852.0,1112.0,0.0,0.0
26500.0,0.19162,2.895018292797938E-10,26500.0,87.7509433962264,73.82952354672942,74.35816415198671,68.9734276428981,87.10124625519924,88.06680864075709,86.1566270549044,952.0,1112.0,0.0,0.0
26600.0,0.192186,2.903569489717485E-10,26600.0,87.74436090225564,73.81366188814815,74.3185757050575,68.95829365835078,87.09492419878076,88.06524370748245,86.14575399076202,1052.0,1112.0,0.0,0.0
26700.0,0.192747,2.912045146028202E-10,26700.0,87.75280898876404,73.82914428984414,74.35092948466546,68.96944391725184,87.10193022440704,88.07101445601522,86.15394040445818,1152.0,1112.0,0.0,0.0
26800.0,0.193338,2.920974045991899E-10,26800.0,87.77611940298507,73.87641023133705,74.40025005860748,69.01834688859466,87.12491266838133,88.09318833924007,86.17769117140571,1252.0,1112.0,0.0,0.0
26900.0,0.193901,2.929479918546148E-10,26900.0,87.78066914498142,73.87674305673545,74.40230511642396,69.00226329686912,87.12472527548033,88.09447393030301,86.17609424625937,1352.0,1112.0,0.0,0.0
27000.0,0.194459,2.9379102504915675E-10,27000.0,87.77407407407406,73.862675806035,74.37907482148401,68.98722284855316,87.11805775206784,88.08871180798198,86.16856192666937,1452.0,1112.0,0.0,0.0
27100.0,0.195009,2.946219717462859E-10,27100.0,87.75276752767527,73.81357074650865,74.33696744761463,68.92031089053282,87.09264774663394,88.06154488000641,86.14483916755431,1552.0,1112.0,0.0,0.0
27200.0,0.195556,2.954483860068853E-10,27200.0,87.7389705882353,73.7782955466601,74.30464596656138,68.87831280328481,87.07719333622688,88.05334742737642,86.1224451115242,1652.0,1112.0,0.0,0.0
27300.0,0.196104,2.9627631107966125E-10,27300.0,87.72893772893772,73.74949804579788,74.28417901281954,68.82851028193915,87.06174647852713,88.03672506717994,86.10812650249017,1752.0,1112.0,0.0,0.0
27400.0,0.196638,2.970830847819648E-10,27400.0,87.71897810218978,73.72571977923461,74.25992503633442,68.79925822902179,87.05052527041937,88.02782048619106,86.09469187583038,1852.0,1112.0,0.0,0.0
27500.0,0.197187,2.979125206669174E-10,27500.0,87.72363636363636,73.73728207234004,74.26240756270488,68.81581378163679,87.05640589456087,88.03363986123367,86.10062967084802,1952.0,1112.0,0.0,0.0
27600.0,0.197751,2.987646187345189E-10,27600.0,87.72101449275362,73.72460817118719,74.2535896072324,68.78799042180881,87.04965505548773,88.02748148488641,86.09331373857138,2052.0,1112.0,0.0,0.0
27700.0,0.198295,2.995865005585884E-10,27700.0,87.74368231046932,73.76441897534517,74.2880945168131,68.81888317413667,87.06901254897332,88.04781745957399,86.111730617174,2152.0,1112.0,0.0,0.0
27800.0,0.198831,3.003962958852452E-10,27800.0,87.75179856115109,73.77035243752647,74.28830325454958,68.81011266831548,87.07255917607361,88.05593293217055,86.11090670196208,2252.0,1112.0,0.0,0.0
27900.0,0.199377,3.0122119933366796E-10,27900.0,87.77419354838709,73.82127647531718,74.34180833458703,68.87205694469792,87.09732762498729,88.07835741065152,86.1379108207427,2352.0,1112.0,0.0,0.0
28000.0,0.199927,3.020521460307971E-10,28000.0,87.76785714285714,73.79951079670523,74.33880272720461,68.83530482256597,87.08690565308002,88.07116357451928,86.12440415342043,2452.0,1112.0,0.0,0.0
28100.0,0.200469,3.0287100623051345E-10,28100.0,87.77935943060498,73.8170984776644,74.36739568560125,68.84130296706289,87.09479745608908,88.07846021176553,86.13286318351332,2552.0,1112.0,0.0,0.0
28200.0,0.201006,3.036823123693468E-10,28200.0,87.78014184397162,73.82752103338969,74.38108690803656,68.87082204155374,87.10086104139563,88.08473266905735,86.1387255437061,2652.0,1112.0,0.0,0.0
28300.0,0.201554,3.045102374421228E-10,28300.0,87.7844522968198,73.8387842027738,74.39448929708912,68.89228831098715,87.10773229161268,88.09459205166961,86.14273773842459,2752.0,1112.0,0.0,0.0
28400.0,0.202101,3.0533665170272215E-10,28400.0,87.78169014084507,73.82850908828313,74.38547279840554,68.87613238855502,87.10330251601461,88.09316997813264,86.13543335168066,2852.0,1112.0,0.0,0.0
28500.0,0.202638,3.061479578415555E-10,28500.0,87.76140350877193,73.77840741112608,74.33218044006182,68.81258941344778,87.07975181355332,88.07513200786472,86.10661875146853,2952.0,1112.0,0.0,0.0
28600.0,0.203175,3.0695926398038887E-10,28600.0,87.76923076923076,73.79231990288446,74.34543454345433,68.82630781570269,87.08715872097207,88.08460901455103,86.11204529512801,3052.0,1112.0,0.0,0.0
28700.0,0.203718,3.077796349922818E-10,28700.0,87.76306620209058,73.77972147199935,74.3218542077941,68.81825446151115,87.08233013932389,88.08358697951289,86.10358027601309,3152.0,1112.0,0.0,0.0
28800.0,0.204266,3.086075600650578E-10,28800.0,87.77083333333333,73.7882237240184,74.32383174163446,68.81530015937666,87.0865247234516,88.08978012435344,86.1058641616077,3252.0,1112.0,0.0,0.0
28900.0,0.204809,3.094279310769507E-10,28900.0,87.77162629757785,73.78609857243748,74.3205929370731,68.80847308031774,87.08588072364827,88.09125822966905,86.1031928269773,3352.0,1112.0,0.0,0.0
29000.0,0.205421,3.1035254812902897E-10,29000.0,87.77241379310344,73.7892688412627,74.32853109389704,68.81814984171649,87.08837980648376,88.09591094095043,86.10363385210161,3452.0,1112.0,0.0,0.0
29100.0,0.205995,3.112197543183965E-10,29100.0,87.78006872852234,73.79578080660241,74.31934715100742,68.81248903701103,87.09216802895607,88.10375848047808,86.10354366024411,3552.0,1112.0,0.0,0.0
29200.0,0.206549,3.1205674426423203E-10,29200.0,87.79452054794521,73.81692076715139,74.33201296362982,68.82435269419176,87.10330559769734,88.11914083178121,86.11062448937538,3652.0,1112.0,0.0,0.0
29300.0,0.207098,3.128861801491846E-10,29300.0,87.80546075085324,73.83524399125024,74.35400516795865,68.8410220633121,87.11323394514,88.13263231469215,86.11714795620038,3752.0,1112.0,0.0,0.0
29400.0,0.207637,3.1370050791237114E-10,29400.0,87.79931972789116,73.8214124739317,74.34558718352167,68.82496088997046,87.10664495582886,88.12701681804104,86.10963123685804,3852.0,1112.0,0.0,0.0
29500.0,0.208183,3.145254113607939E-10,29500.0,87.78983050847458,73.78711874262281,74.30263251765713,68.75704744557203,87.08801619792163,88.10763621474783,86.09172518330351,3952.0,1112.0,0.0,0.0
29600.0,0.208739,3.1536542293098265E-10,29600.0,87.79054054054055,73.78381164092733,74.30318543799773,68.74513534549858,87.08622485729421,88.10667315837426,86.08914351159488,4052.0,1112.0,0.0,0.0
29700.0,0.209453,3.1644414282507396E-10,29700.0,87.80471380471381,73.80944384805619,74.32480328914724,68.76778477192379,87.09897766524247,88.12065076038891,86.10072365697192,4152.0,1112.0,0.0,0.0
29800.0,0.210006,3.172796219587329E-10,29800.0,87.79865771812081,73.7980577692555,74.31477818592825,68.76020276656071,87.09413736044566,88.11768416253705,86.09409591148288,4252.0,1112.0,0.0,0.0
29900.0,0.21056,3.1811661190456845E-10,29900.0,87.80602006688963,73.80408512037125,74.3221353616452,68.75214261227289,87.09711671991404,88.12310556693353,86.0947434378339,4352.0,1112.0,0.0,0.0
30000.0,0.211448,3.1945821311738786E-10,30000.0,87.80333333333333,73.79718179416447,74.31018746050691,68.74252520075174,87.0937367779176,88.12016519208238,86.09094483143566,4452.0,1112.0,0.0,0.0
30100.0,0.21202,3.203223976824022E-10,30100.0,87.79401993355481,73.77804724180682,74.291512140508,68.72126681423461,87.08417737636279,88.11027307557396,86.08170553346106,4552.0,1112.0,0.0,0.0
30200.0,0.212575,3.211608984404143E-10,30200.0,87.79470198675496,73.7809667066948,74.3046357615894,68.72825994739968,87.08596626379675,88.11262528477111,86.08295627149826,4652.0,1112.0,0.0,0.0
30300.0,0.213163,3.2204925600025423E-10,30300.0,87.78877887788778,73.7619164395465,74.30555555555554,68.69977159292785,87.07738596857592,88.10814374936894,86.07046652512896,4752.0,1112.0,0.0,0.0
30400.0,0.213768,3.2296329736709627E-10,30400.0,87.79605263157895,73.77224410617788,74.3181503530389,68.70782726045884,87.08355062952404,88.11850455001962,86.07262560562819,4852.0,1112.0,0.0,0.0
30500.0,0.214328,3.238093521859914E-10,30500.0,87.78688524590163,73.75594820899664,74.2979369350721,68.70010923451811,87.07701324981835,88.11543339330667,86.06278311835136,4952.0,1112.0,0.0,0.0
30600.0,0.214868,3.2462519076135453E-10,30600.0,87.7843137254902,73.75176123137695,74.28807263722658,68.69084512940782,87.07330501688814,88.10689459887064,86.06368450875127,5052.0,1112.0,0.0,0.0
30700.0,0.215488,3.2556189431084556E-10,30700.0,87.8013029315961,73.78307367931465,74.32469491293021,68.71867691279652,87.08864492311379,88.12290220929849,86.07838320027095,5152.0,1112.0,0.0,0.0
30800.0,0.216041,3.263973734445045E-10,30800.0,87.81493506493506,73.81268228794843,74.36125153709523,68.75364249438014,87.10331322717161,88.13732029716144,86.09328630085257,5252.0,1112.0,0.0,0.0
30900.0,0.216581,3.2721321201986766E-10,30900.0,87.80258899676376,73.7817480961561,74.33784979914209,68.71160551220322,87.0881715894845,88.12398719506018,86.0764231966,5352.0,1112.0,0.0,0.0
31000.0,0.217117,3.280230073465244E-10,31000.0,87.80645161290323,73.78997322654041,74.34331093463653,68.7215556474969,87.09236937579935,88.12849844294874,86.08032078705872,5452.0,1112.0,0.0,0.0
31100.0,0.21766,3.2884337835841736E-10,31100.0,87.81672025723472,73.8090567619775,74.35880083914192,68.74020295355169,87.10207129868945,88.13954016790078,86.08874187228304,5552.0,1112.0,0.0,0.0
31200.0,0.218213,3.296788574920763E-10,31200.0,87.82371794871796,73.82249529495833,74.36745158896161,68.75308438887976,87.10864559273149,88.14621534245465,86.09521814610585,5652.0,1112.0,0.0,0.0
31300.0,0.218762,3.3050829337702887E-10,31300.0,87.81150159744409,73.7930451748692,74.34776761699837,68.71668716687167,87.09475994873756,88.1352644950549,86.0785366555576,5752.0,1112.0,0.0,0.0
31400.0,0.219289,3.3130449139409627E-10,31400.0,87.80254777070063,73.77101838641535,74.3245960984112,68.68868541530412,87.08432769767506,88.12699542042418,86.06604396252311,5852.0,1112.0,0.0,0.0
31500.0,0.219832,3.321248624059892E-10,31500.0,87.80634920634921,73.77065114506219,74.32658244769735,68.67813748674875,87.08487324078664,88.13173545840036,86.06258912893435,5952.0,1112.0,0.0,0.0
31600.0,0.220379,3.3295127666658857E-10,31600.0,87.81012658227849,73.76720302116637,74.32171188587428,68.65744507729862,87.08338562618255,88.13382337380689,86.05769259130818,6052.0,1112.0,0.0,0.0
31700.0,0.22106,3.339801397588521E-10,31700.0,87.8044164037855,73.75969047619293,74.3242345752806,68.6608300907912,87.08091494272226,88.13364829466614,86.05303398393156,6152.0,1112.0,0.0,0.0
31800.0,0.221608,3.348080648316281E-10,31800.0,87.80503144654088,73.76349890409564,74.34676192366211,68.67022136047828,87.08310451356289,88.13601970961015,86.05504958546791,6252.0,1112.0,0.0,0.0
31900.0,0.222186,3.3568131426970197E-10,31900.0,87.79310344827587,73.73969394513516,74.30890017813553,68.64986716045408,87.07248325481558,88.12828979084088,86.041675064626,6352.0,1112.0,0.0,0.0
32000.0,0.222771,3.3656513939301204E-10,32000.0,87.8125,73.78007304291788,74.3505425846761,68.69732723332532,87.09311276190822,88.15076440766437,86.06054007289758,6452.0,1112.0,0.0,0.0
32100.0,0.22334,3.374247915214966E-10,32100.0,87.80996884735202,73.76591225296205,74.34098360655737,68.66591928251123,87.0856565149907,88.14440371587928,86.05204173653046,6552.0,1112.0,0.0,0.0
32200.0,0.223877,3.3823609766032994E-10,32200.0,87.81055900621118,73.7709438033137,74.36316133246244,68.6826777307907,87.08948643068717,88.15092759874032,86.05330313592698,6652.0,1112.0,0.0,0.0
32300.0,0.224432,3.390745984183421E-10,32300.0,87.81424148606811,73.77098706013246,74.35997654875905,68.66740964814521,87.08863005756845,88.14967165754393,86.05282778672219,6752.0,1112.0,0.0,0.0
32400.0,0.224978,3.3989950186676485E-10,32400.0,87.81172839506172,73.76140302212293,74.34881455017863,68.65624255893324,87.08550131427315,88.15213003824475,86.04437612454896,6852.0,1112.0,0.0,0.0
32500.0,0.225565,3.407863486144281E-10,32500.0,87.80923076923077,73.7551337284012,74.3427017225748,68.64762206219831,87.0824045258126,88.1493211982946,86.04100588038908,6952.0,1112.0,0.0,0.0
32600.0,0.226178,3.4171247647868297E-10,32600.0,87.81288343558282,73.76288106374747,74.35450555125226,68.65483234714004,87.0858178387384,88.15155128832355,86.0455455492614,7052.0,1112.0,0.0,0.0
32700.0,0.226738,3.425585312975781E-10,32700.0,87.83180428134557,73.799376562201,74.3951093951094,68.69147847981748,87.10401466551991,88.17095609173037,86.06258625650565,7152.0,1112.0,0.0,0.0
32800.0,0.2273,3.434076077408264E-10,32800.0,87.84451219512195,73.82049324300247,74.4209918521845,68.70486656200941,87.11399715308588,88.18109734739048,86.0724146242591,7252.0,1112.0,0.0,0.0
32900.0,0.227849,3.4423704362577896E-10,32900.0,87.84498480243161,73.81655545658376,74.41949721742468,68.69422263973696,87.11240287843724,88.18177823382425,86.06865326803437,7352.0,1112.0,0.0,0.0
33000.0,0.22839,3.450543930133187E-10,33000.0,87.84545454545454,73.8165198727754,74.41474771958922,68.6958557714821,87.11321978069026,88.18517244717661,86.06701480701217,7452.0,1112.0,0.0,0.0
33100.0,0.228924,3.458611667156223E-10,33100.0,87.86404833836858,73.84931700271554,74.44493924549909,68.71982557234077,87.12858042996359,88.19974978173015,86.08311718252084,7552.0,1112.0,0.0,0.0
33200.0,0.229468,3.466830485396918E-10,33200.0,87.85843373493975,73.83358750405266,74.42096579732215,68.70098610140538,87.12206266149882,88.19778062893508,86.07226882975026,7652.0,1112.0,0.0,0.0
33300.0,0.230082,3.4761068721612326E-10,33300.0,87.84084084084084,73.79592093748123,74.38476624280382,68.66341614426128,87.1049627687091,88.18513676588897,86.0509305247861,7752.0,1112.0,0.0,0.0
33400.0,0.230672,3.4850206640031636E-10,33400.0,87.84131736526946,73.79577978932916,74.38178147867775,68.66270545566786,87.10520257033791,88.18653120499542,86.05007085847501,7852.0,1112.0,0.0,0.0
33500.0,0.231233,3.493496320313881E-10,33500.0,87.85373134328358,73.82563738220851,74.41041443934343,68.69999999999999,87.11942404903256,88.19822192970322,86.06669793621013,7952.0,1112.0,0.0,0.0
33600.0,0.231796,3.50200219286813E-10,33600.0,87.85416666666667,73.82874303393093,74.41539715378346,68.70398773006134,87.12021899583394,88.19639009321376,86.06999415148839,8052.0,1112.0,0.0,0.0
33700.0,0.232344,3.5102814435958895E-10,33700.0,87.83382789317507,73.78718849435262,74.37980378678998,68.66162195215165,87.10034456806302,88.17812545807479,86.04859246862438,8152.0,1112.0,0.0,0.0
33800.0,0.232884,3.518439829349521E-10,33800.0,87.8284023668639,73.7699341413572,74.3676012461059,68.63612106426773,87.09256071179206,88.17396638380579,86.03735936116604,8252.0,1112.0,0.0,0.0
33900.0,0.233417,3.5264924582507907E-10,33900.0,87.83480825958702,73.77530537673543,74.37395140744421,68.63162698714534,87.09568990254684,88.18051822354755,86.03722909215581,8352.0,1112.0,0.0,0.0
34000.0,0.234062,3.5362371967898505E-10,34000.0,87.84117647058824,73.78683498822323,74.38979060835088,68.64143214746264,87.10130122613941,88.18635311831174,86.04262592361678,8452.0,1112.0,0.0,0.0
34100.0,0.234643,3.5450150155358874E-10,34100.0,87.83577712609971,73.77242337016911,74.38399308343112,68.62329803328292,87.09489208883754,88.18274568343118,86.03355171254515,8552.0,1112.0,0.0,0.0
34200.0,0.235191,3.553294266263647E-10,34200.0,87.8391812865497,73.77178258197412,74.38881704538457,68.61132075471697,87.09473558982536,88.18507816858565,86.0310262529833,8652.0,1112.0,0.0,0.0
34300.0,0.235734,3.5614979763825764E-10,34300.0,87.84839650145773,73.78552018886666,74.39646169912157,68.61918385785273,87.1017759021619,88.19426187586394,86.03602459248295,8752.0,1112.0,0.0,0.0
34400.0,0.236286,3.5698376595974E-10,34400.0,87.84302325581396,73.77434673584494,74.39226011879249,68.60360360360362,87.09542825675585,88.1856202498057,86.03186203281079,8852.0,1112.0,0.0,0.0
34500.0,0.236832,3.5780866940816276E-10,34500.0,87.84057971014492,73.76838130010157,74.38167938931298,68.59559814343464,87.0924716623904,88.18286890993994,86.02871097041091,8952.0,1112.0,0.0,0.0
34600.0,0.237382,3.586396161052919E-10,34600.0,87.84682080924856,73.78152430530346,74.38942688348865,68.61003284562557,87.09886579737349,88.1889502747631,86.03540087677332,9052.0,1112.0,0.0,0.0
34700.0,0.237919,3.594509222441253E-10,34700.0,87.8328530259366,73.75444392788576,74.35928580104458,68.5839720217278,87.08572703592962,88.17594607102815,86.0221379684807,9152.0,1112.0,0.0,0.0
34800.0,0.238475,3.60290933814314E-10,34800.0,87.83333333333333,73.75709579609702,74.37511347818192,68.59050445103856,87.08730944820498,88.17784490935026,86.02341875393189,9252.0,1112.0,0.0,0.0
34900.0,0.239027,3.6112490213579637E-10,34900.0,87.84527220630373,73.778961122191,74.3979721166033,68.610330028119,87.09814969827252,88.18958249371363,86.03340175947439,9352.0,1112.0,0.0,0.0
35000.0,0.239571,3.619467839598659E-10,35000.0,87.84285714285714,73.7662205523734,74.38444404310397,68.57691455579352,87.08993580012827,88.17807525790037,86.02832479958562,9452.0,1112.0,0.0,0.0
35100.0,0.240099,3.627444927891099E-10,35100.0,87.85185185185185,73.78658406892161,74.39807865505853,68.60088365243003,87.09970162171082,88.18659156443427,86.03927709128338,9552.0,1112.0,0.0,0.0
35200.0,0.240642,3.6356486380100283E-10,35200.0,87.85227272727273,73.78173546303547,74.38140315139896,68.58423334068033,87.0966666603705,88.18327535574208,86.03651074847473,9652.0,1112.0,0.0,0.0
35300.0,0.241189,3.643912780616022E-10,35300.0,87.85552407932012,73.7942761906322,74.38915108429417,68.60720562390158,87.10291454917589,88.18815614526689,86.04405817761275,9752.0,1112.0,0.0,0.0
35400.0,0.241735,3.65216181510025E-10,35400.0,87.85875706214689,73.79796115550997,74.39227836034318,68.60711416258857,87.10485961254027,88.19124688351533,86.0449120498687,9852.0,1112.0,0.0,0.0
35500.0,0.242268,3.6602144440015196E-10,35500.0,87.85915492957747,73.79487385291922,74.38944678828213,68.59516176041971,87.1026876821256,88.18829497313997,86.04348325153101,9952.0,1112.0,0.0,0.0
35600.0,0.242805,3.668327505389853E-10,35600.0,87.87078651685393,73.81693031942673,74.40426793123888,68.61462421863641,87.11314439769473,88.1980834845782,86.05457298494113,10052.0,1112.0,0.0,0.0
35700.0,0.24335,3.6765614317523144E-10,35700.0,87.86834733893556,73.81309139649726,74.4076109436861,68.6159420289855,87.11218947247127,88.19943843130888,86.05141949573158,10152.0,1112.0,0.0,0.0
35800.0,0.243894,3.68478024999301E-10,35800.0,87.87430167597765,73.8197402566108,74.41202475685233,68.61625216888373,87.11591372033116,88.20589569698126,86.05254127461069,10252.0,1112.0,0.0,0.0
35900.0,0.244424,3.6927875545289816E-10,35900.0,87.86908077994428,73.80893381473206,74.42147304123104,68.60129776496034,87.1097943455236,88.1975762655893,86.0485177680956,10352.0,1112.0,0.0,0.0
36000.0,0.24506,3.702396319972148E-10,36000.0,87.875,73.81901690511778,74.42582610733537,68.6106716525241,87.11518481405373,88.20469712852297,86.05225960060223,10452.0,1112.0,0.0,0.0
36100.0,0.245628,3.710977733135227E-10,36100.0,87.89473684210526,73.85382405370622,74.45191464484068,68.63786421702311,87.13190234474007,88.22171535382375,86.06868595574649,10552.0,1112.0,0.0,0.0
36200.0,0.24618,3.7193174163500507E-10,36200.0,87.89502762430939,73.85321893313069,74.45642669775576,68.63278453829636,87.1309501709064,88.21924291219668,86.06918108368585,10652.0,1112.0,0.0,0.0
36300.0,0.246714,3.7273851533730864E-10,36300.0,87.8870523415978,73.8305524916805,74.4419902348291,68.60182804912883,87.12063256697779,88.21297857816693,86.05500881033836,10752.0,1112.0,0.0,0.0
36400.0,0.247261,3.73564929597908E-10,36400.0,87.89285714285714,73.84117303882994,74.45365486058779,68.6111111111111,87.12580726852734,88.21833264851021,86.06001126349963,10852.0,1112.0,0.0,0.0
36500.0,0.247821,3.7441098441680313E-10,36500.0,87.8958904109589,73.84546214121357,74.4491353883523,68.61324239840863,87.12804088926622,88.2214166686277,86.06143493295708,10952.0,1112.0,0.0,0.0
36600.0,0.248365,3.7523286624087266E-10,36600.0,87.89071038251366,73.83437917185405,74.43912567045389,68.6030036837631,87.12320991971897,88.2184731411071,86.05480934170423,11052.0,1112.0,0.0,0.0
36700.0,0.248898,3.7603812913099964E-10,36700.0,87.88010899182561,73.80745672127384,74.4176683729223,68.56981345392877,87.11095256571514,88.21040257228402,86.03857214401376,11152.0,1112.0,0.0,0.0
36800.0,0.249442,3.7686001095506917E-10,36800.0,87.88315217391305,73.81280002589178,74.43087332989278,68.57646229739254,87.1141617149646,88.2154678496869,86.04001453702656,11252.0,1112.0,0.0,0.0
36900.0,0.249983,3.776773603426089E-10,36900.0,87.87533875338754,73.79749525979065,74.42113086730319,68.55496204666855,87.10507425638396,88.20184473370789,86.03524496906812,11352.0,1112.0,0.0,0.0
37000.0,0.250546,3.785279475980338E-10,37000.0,87.88378378378378,73.81791032289787,74.43690482978845,68.5844428871759,87.11580047450084,88.21363420010255,86.04495631512306,11452.0,1112.0,0.0,0.0
37100.0,0.251079,3.793332104881608E-10,37100.0,87.89218328840971,73.83145042941852,74.45840677773357,68.59619686800896,87.12318420597785,88.22399912883603,86.0495015756915,11552.0,1112.0,0.0,0.0
37200.0,0.251627,3.8016113556093676E-10,37200.0,87.88440860215053,73.81328399359217,74.43707106800521,68.57262394533156,87.11410818485315,88.21515087330256,86.0402116376228,11652.0,1112.0,0.0,0.0
37300.0,0.252175,3.8098906063371273E-10,37300.0,87.89008042895442,73.82131180501453,74.45569190748176,68.57739130434781,87.11848011065226,88.22165030162496,86.04255843724812,11752.0,1112.0,0.0,0.0
37400.0,0.252722,3.818154748943121E-10,37400.0,87.88502673796792,73.80884408205321,74.43579327465585,68.56310275445779,87.11296343186568,88.21843883003679,86.03485082598866,11852.0,1112.0,0.0,0.0
37500.0,0.25325,3.826131837235561E-10,37500.0,87.88,73.79560084352221,74.4159864902899,68.54671280276817,87.10706855614552,88.21507744739112,86.02654827402444,11952.0,1112.0,0.0,0.0
37600.0,0.253875,3.835574413339301E-10,37600.0,87.85372340425532,73.73602148598,74.35998203458344,68.47953619987578,87.07926803489403,88.19308184975903,85.99323664836116,12052.0,1112.0,0.0,0.0
37700.0,0.254422,3.843838555945295E-10,37700.0,87.82228116710876,73.67481568871213,74.28875448028674,68.42720583178597,87.05140737141292,88.17066536045611,85.96020940076916,12152.0,1112.0,0.0,0.0
37800.0,0.254978,3.852238671647182E-10,37800.0,87.78571428571429,73.59536947507148,74.21966608967558,68.33767658757372,87.0131052804877,88.13578829571493,85.91866422670495,12252.0,1112.0,0.0,0.0
37900.0,0.255663,3.8625877350568813E-10,37900.0,87.73878627968338,73.49841697396108,74.12583518930957,68.23215750615259,86.96544475847939,88.08850252015378,85.87066267614682,55.0,1112.0,1.0,0.0
38000.0,0.256236,3.8712446888287905E-10,38000.0,87.73421052631579,73.49574170583178,74.11705908485118,68.23633637726593,86.96328765825182,88.082247415983,85.87240086004873,155.0,1112.0,0.0,0.0
38100.0,0.256808,3.8798865344789337E-10,38100.0,87.7244094488189,73.49072544257325,74.10155601085332,68.24847250509166,86.95934478022538,88.0702355630028,85.87612977105223,255.0,1112.0,0.0,0.0
38200.0,0.257379,3.888513272007311E-10,38200.0,87.70157068062827,73.44989117070394,74.05423316949246,68.2008934614864,86.93594865550521,88.03619206331898,85.86286665593128,355.0,1112.0,0.0,0.0
38300.0,0.257917,3.8966414415174105E-10,38300.0,87.69973890339425,73.45189059050143,74.05265476977307,68.20114748565642,86.93416782642728,88.0252448641847,85.8698075354322,455.0,1112.0,0.0,0.0
38400.0,0.258465,3.90492069224517E-10,38400.0,87.69791666666666,73.4608606053186,74.0624828419261,68.2249276922042,86.93714482612988,88.02088058432969,85.87977096121482,555.0,1112.0,0.0,0.0
38500.0,0.25901,3.9131546186076315E-10,38500.0,87.7116883116883,73.49956670427208,74.09800164248563,68.28238133547868,86.95603601602754,88.03651975913876,85.90175255060177,655.0,1112.0,0.0,0.0
38600.0,0.259572,3.9216453830401146E-10,38600.0,87.70725388601036,73.4981681285347,74.09368857829219,68.28632535757252,86.95367905673977,88.02751040380005,85.90573090603255,755.0,1112.0,0.0,0.0
38700.0,0.260118,3.9298944175243423E-10,38700.0,87.71317829457365,73.52078902648348,74.10412809062194,68.3232296316035,86.96382188307916,88.03210817415912,85.92115243929959,855.0,1112.0,0.0,0.0
38800.0,0.260652,3.937962154547378E-10,38800.0,87.7139175257732,73.5321486921768,74.11771093495494,68.34661354581674,86.96831496066984,88.03093934028668,85.93103855289317,955.0,1112.0,0.0,0.0
38900.0,0.261203,3.9462867296404356E-10,38900.0,87.69408740359897,73.49725610922461,74.08229561451002,68.30850711684874,86.94873600610174,88.00322439885207,85.91921896587306,1055.0,1112.0,0.0,0.0
39000.0,0.261751,3.9545659803681953E-10,39000.0,87.68974358974359,73.49702532103534,74.0808724288722,68.3206862421643,86.94829943493893,87.99961338520421,85.92180860679251,1155.0,1112.0,0.0,0.0
39100.0,0.262403,3.9644164757596173E-10,39100.0,87.69053708439898,73.5055595549662,74.0762684477001,68.34177464974019,86.95273630387007,88.00287304366435,85.92736654668418,1255.0,1112.0,0.0,0.0
39200.0,0.263019,3.9737230787674637E-10,39200.0,87.69132653061224,73.51269259615255,74.09117757611556,68.35235471599108,86.95477914695121,87.99937299549308,85.93469400679432,1355.0,1112.0,0.0,0.0
39300.0,0.2636,3.9825008975135006E-10,39300.0,87.71246819338423,73.56527423295255,74.13636120186385,68.4213968087889,86.9800752727105,88.0204962613608,85.96396294530126,1455.0,1112.0,0.0,0.0
39400.0,0.264155,3.990885905093622E-10,39400.0,87.7258883248731,73.59345538383491,74.16528660719055,68.44577841576405,86.99218519121105,88.0274520205048,85.9809862866714,1555.0,1112.0,0.0,0.0
39500.0,0.264719,3.999406885769637E-10,39500.0,87.72911392405062,73.61340366793128,74.1837549933422,68.48709446719977,87.00163638712168,88.03232706940737,85.99480124688624,1655.0,1112.0,0.0,0.0
39600.0,0.265251,4.007444406549141E-10,39600.0,87.71969696969697,73.60045238788834,74.16321326107746,68.47325769854132,86.99277164933604,88.01486906685253,85.99414051042591,1755.0,1112.0,0.0,0.0
39700.0,0.265797,4.0156934410333685E-10,39700.0,87.70025188916877,73.5610806083428,74.12705982090819,68.42751842751844,86.97238609795282,87.99164674520443,85.97646848353772,1855.0,1112.0,0.0,0.0
39800.0,0.266357,4.0241539892223197E-10,39800.0,87.69346733668341,73.54896154649165,74.11615494371928,68.41019026120607,86.96467053846875,87.97858761079874,85.97385716084256,1955.0,1112.0,0.0,0.0
39900.0,0.266914,4.032569213045973E-10,39900.0,87.6892230576441,73.55151514228955,74.10921357790427,68.4298476765859,86.96563202488579,87.97578624750423,85.9784120219448,2055.0,1112.0,0.0,0.0
40000.0,0.267447,4.040621841947243E-10,40000.0,87.6925,73.57243719541769,74.10718981749328,68.47060330472652,86.97477223709822,87.97791326483639,85.99424932575646,2155.0,1112.0,0.0,0.0
40100.0,0.267998,4.0489464170403003E-10,40100.0,87.6932668329177,73.57625973678046,74.11487018095987,68.47451130701418,86.97571306670022,87.97561435004096,85.9982854396077,2255.0,1112.0,0.0,0.0
40200.0,0.26854,4.057135019037464E-10,40200.0,87.7139303482587,73.62639636262918,74.16300481272232,68.53739329850936,86.9994744790465,87.99460342752279,86.02660161782107,2355.0,1112.0,0.0,0.0
40300.0,0.269213,4.0673027849859714E-10,40300.0,87.72456575682382,73.65311092477191,74.1819320494755,68.5745140388769,87.0127086630373,88.00670452918666,86.04091549366527,2455.0,1112.0,0.0,0.0
40400.0,0.269759,4.075551819470199E-10,40400.0,87.73514851485147,73.68695082179939,74.21419650291422,68.6293130737575,87.02901377386519,88.01873247841321,86.0613051841122,2555.0,1112.0,0.0,0.0
40500.0,0.270324,4.08408790826798E-10,40500.0,87.7432098765432,73.70995218428735,74.2330651440436,68.66557252872111,87.04055614789722,88.02911856898574,86.07395016623778,2655.0,1112.0,0.0,0.0
40600.0,0.270872,4.09236715899574E-10,40600.0,87.7487684729064,73.72698139707595,74.25865548827821,68.69138289167243,87.04851110388917,88.03433615798426,86.08452045278882,2755.0,1112.0,0.0,0.0
40700.0,0.271421,4.1006615178452655E-10,40700.0,87.74938574938574,73.74283684968023,74.26580645161289,68.73000940733772,87.05573738220343,88.03605288704917,86.09701382738673,2855.0,1112.0,0.0,0.0
40800.0,0.27195,4.1086537142594714E-10,40800.0,87.75735294117646,73.76388823862334,74.2804181041141,68.75977234348613,87.06593419235689,88.04446667089344,86.1089135887448,2955.0,1112.0,0.0,0.0
40900.0,0.272607,4.118579750259723E-10,40900.0,87.760391198044,73.77290745262158,74.28600780768441,68.77300230802818,87.07010992633649,88.04713443166727,86.11453076562708,3055.0,1112.0,0.0,0.0
41000.0,0.273178,4.1272064877881005E-10,41000.0,87.7560975609756,73.77236656949538,74.28410429793556,68.78497699291133,87.06958732975717,88.04372060428895,86.1167741746217,3155.0,1112.0,0.0,0.0
41100.0,0.273753,4.1358936578035416E-10,41100.0,87.7639902676399,73.7931603244576,74.30119065869488,68.81433709537393,87.07966112101101,88.0520450753159,86.1285192137464,3255.0,1112.0,0.0,0.0
41200.0,0.274286,4.1439462867048113E-10,41200.0,87.7621359223301,73.79460003078943,74.29518225847566,68.82458418351574,87.0803786539943,88.05139827686884,86.13054198998007,3355.0,1112.0,0.0,0.0
41300.0,0.274835,4.152240645554337E-10,41300.0,87.77481840193705,73.82675240213734,74.32885906040269,68.86600480976753,87.09537135550234,88.06230507445434,86.14944109180878,3455.0,1112.0,0.0,0.0
41400.0,0.275386,4.1605652206473945E-10,41400.0,87.77294685990339,73.82667241012436,74.328025154681,68.87221743942933,87.09534982832702,88.06134105424775,86.15032158140734,3555.0,1112.0,0.0,0.0
41500.0,0.275934,4.168844471375154E-10,41500.0,87.7855421686747,73.86231467017022,74.3588446557742,68.9266229387605,87.11281875250555,88.07585355342854,86.170616108069,3655.0,1112.0,0.0,0.0
41600.0,0.276462,4.176821559667594E-10,41600.0,87.79086538461539,73.87308667952797,74.36660946805289,68.93957925636008,87.11850881489623,88.08262019930002,86.17527435084665,3755.0,1112.0,0.0,0.0
41700.0,0.277011,4.18511591851712E-10,41700.0,87.79616306954436,73.88495392554375,74.37433909058865,68.95247391861386,87.12396615342658,88.08668854107484,86.18205994830019,3855.0,1112.0,0.0,0.0
41800.0,0.277554,4.193319628636049E-10,41800.0,87.80622009569377,73.90839004293652,74.39208199356912,68.98125608568645,87.13521760797114,88.09629931084922,86.19487934104623,3955.0,1112.0,0.0,0.0
41900.0,0.278101,4.201583771242043E-10,41900.0,87.81145584725537,73.9285222874849,74.41126365367272,69.01844212569766,87.14508685653838,88.10347329458594,86.20732663418833,4055.0,1112.0,0.0,0.0
42000.0,0.278634,4.2096364001433126E-10,42000.0,87.81190476190476,73.93167759421299,74.4113971507123,69.01894329116988,87.14501875418313,88.09826148648948,86.21218380082819,4155.0,1112.0,0.0,0.0
42100.0,0.279179,4.217870326505774E-10,42100.0,87.82660332541568,73.96610169916903,74.44654966094934,69.05940594059405,87.16103590520511,88.11038637064208,86.23192503036752,4255.0,1112.0,0.0,0.0
42200.0,0.279744,4.226406415303555E-10,42200.0,87.82938388625593,73.9789421176587,74.45665688566172,69.08259089814592,87.16672254074581,88.11234226770954,86.24118404286021,4355.0,1112.0,0.0,0.0
42300.0,0.28029,4.2346554497877826E-10,42300.0,87.82742316784869,73.98171500603401,74.45679134834803,69.09549246743892,87.16772724351512,88.11052165613454,86.24489528358595,4455.0,1112.0,0.0,0.0
42400.0,0.280841,4.24298002488084E-10,42400.0,87.83254716981132,73.99660499000669,74.476821847326,69.11887944451097,87.17504968025696,88.11659147571498,86.2534162507175,4555.0,1112.0,0.0,0.0
42500.0,0.281403,4.251470789313323E-10,42500.0,87.82823529411765,73.99454607307325,74.46819011894775,69.12563413906298,87.17344311344549,88.11152951130765,86.25512111503342,4655.0,1112.0,0.0,0.0
42600.0,0.281968,4.260006878111104E-10,42600.0,87.81455399061034,73.9751025013538,74.44493674001872,69.11589719181343,87.16306966550324,88.09671328370628,86.2490079165894,4755.0,1112.0,0.0,0.0
42700.0,0.282543,4.2686940481265453E-10,42700.0,87.81498829039812,73.98429032555903,74.44750024555543,69.1363151026219,87.16673821444958,88.09573951951096,86.25712575381084,4855.0,1112.0,0.0,0.0
42800.0,0.283126,4.277502083116114E-10,42800.0,87.81308411214953,73.98507590714055,74.46391853520024,69.14522330671399,87.16715145452865,88.0949763670749,86.25866673474127,4955.0,1112.0,0.0,0.0
42900.0,0.28374,4.2867784698804286E-10,42900.0,87.81351981351982,73.99241606768604,74.47265625,69.1636192049074,87.17065243237958,88.09641041036961,86.26414871092646,5055.0,1112.0,0.0,0.0
43000.0,0.284308,4.295359883043508E-10,43000.0,87.81627906976745,74.00821633744364,74.47751741608613,69.19684854186266,87.17817190469155,88.10042313467319,86.27502922963198,5155.0,1112.0,0.0,0.0
43100.0,0.284859,4.3036844581365656E-10,43100.0,87.80974477958236,73.99866270871362,74.4653965785381,69.18836500117288,87.17231815485728,88.09037829563376,86.27319631783918,5255.0,1112.0,0.0,0.0
43200.0,0.2854,4.311857952011963E-10,43200.0,87.81712962962963,74.02366181886438,74.4861353500097,69.2330176546241,87.18483215849831,88.10071136460557,86.28779965759064,5355.0,1112.0,0.0,0.0
43300.0,0.285945,4.3200918783744243E-10,43300.0,87.82909930715935,74.05660100637435,74.52136917424096,69.27830243674944,87.1999312148259,88.11027803287543,86.30820325797895,5455.0,1112.0,0.0,0.0
43400.0,0.286487,4.3282804803715877E-10,43400.0,87.82488479262672,74.05343513177753,74.5189757438395,69.27906976744185,87.19710888149987,88.10247729847929,86.31015888514113,5555.0,1112.0,0.0,0.0
43500.0,0.287034,4.3365446229775814E-10,43500.0,87.83218390804598,74.07514173996591,74.53452008660092,69.31060474285383,87.20695963512708,88.10807344674527,86.32409126819834,5655.0,1112.0,0.0,0.0
43600.0,0.287572,4.344672792487681E-10,43600.0,87.83256880733946,74.08001315639532,74.53559256948111,69.32107332870692,87.20891858242439,88.10768620221533,86.32830207864129,5755.0,1112.0,0.0,0.0
43700.0,0.288118,4.3529218269719087E-10,43700.0,87.8329519450801,74.09182088402827,74.5317813862145,69.35093382522481,87.21426672873525,88.10872343995415,86.33778808991524,5855.0,1112.0,0.0,0.0
43800.0,0.288668,4.3612312939432003E-10,43800.0,87.82876712328768,74.09129492595146,74.52694954128441,69.36206896551725,87.21346049986629,88.104235782758,86.34051724137932,5955.0,1112.0,0.0,0.0
43900.0,0.28921,4.3694198959403637E-10,43900.0,87.82232346241457,74.08405988130413,74.50765342615992,69.35862899065741,87.20844975604788,88.09361781667067,86.34089314039645,6055.0,1112.0,0.0,0.0
44000.0,0.289755,4.377653822302825E-10,44000.0,87.82045454545454,74.08435608259161,74.50402017222511,69.36488881266791,87.2082950754648,88.0915183743127,86.34260671700464,6155.0,1112.0,0.0,0.0
44100.0,0.290285,4.385661126838797E-10,44100.0,87.81632653061224,74.07590259418149,74.4883908646313,69.34793770323463,87.20226134941949,88.08028322619674,86.34157169171289,6255.0,1112.0,0.0,0.0
44200.0,0.290828,4.393864836957726E-10,44200.0,87.80995475113123,74.06855582380307,74.48501207557892,69.34979236589113,87.19859108352443,88.07498858067075,86.3394630772061,6355.0,1112.0,0.0,0.0
44300.0,0.291371,4.4020685470766556E-10,44300.0,87.81038374717834,74.07701629383388,74.4982290436836,69.3703913783324,87.20233023693075,88.07546410317579,86.34633801801435,6455.0,1112.0,0.0,0.0
44400.0,0.291952,4.4108463658226924E-10,44400.0,87.81306306306307,74.09291157930016,74.50888019974562,69.4034492507775,87.20960059622367,88.0783088942702,86.35786091906891,6555.0,1112.0,0.0,0.0
44500.0,0.292524,4.4194882114728356E-10,44500.0,87.82921348314606,74.13257729233064,74.54767611259926,69.45807252016014,87.22921326027429,88.09616047432604,86.37916288113495,6655.0,1112.0,0.0,0.0
44600.0,0.293127,4.428598408897724E-10,44600.0,87.82286995515695,74.11920828407233,74.54298303178025,69.43725379853684,87.22126173547919,88.08455042184625,86.37473045128135,6755.0,1112.0,0.0,0.0
44700.0,0.293688,4.437074065208441E-10,44700.0,87.82997762863535,74.14262675196257,74.56993268511593,69.47764125007014,87.2326817411521,88.09315513791478,86.38885554538017,6855.0,1112.0,0.0,0.0
44800.0,0.294234,4.445323099692669E-10,44800.0,87.83035714285714,74.14640180875604,74.57208152604822,69.48393596775998,87.2338131703537,88.09142249082291,86.39274126983338,6955.0,1112.0,0.0,0.0
44900.0,0.294762,4.453300187985109E-10,44900.0,87.82850779510022,74.1450028500941,74.56601666123703,69.48972755694506,87.23384819232831,88.09285692361468,86.39143036658379,7055.0,1112.0,0.0,0.0
45000.0,0.295306,4.461519006225804E-10,45000.0,87.83777777777779,74.16953077558007,74.59145775301765,69.52502923325353,87.24570863582241,88.10247844827586,86.40544198691596,7155.0,1112.0,0.0,0.0
45100.0,0.295852,4.469768040710032E-10,45100.0,87.83813747228382,74.17797195573485,74.5970729899963,69.54469739033871,87.2491268850799,88.10171359043659,86.41288349506007,7255.0,1112.0,0.0,0.0
45200.0,0.296391,4.4779113183418975E-10,45200.0,87.85176991150443,74.20968817058467,74.62569316081331,69.58231774872591,87.26397427478484,88.11319141591817,86.43097004345222,7355.0,1112.0,0.0,0.0
45300.0,0.296922,4.4859337309996354E-10,45300.0,87.86313465783665,74.23632693356885,74.66359447004609,69.61423676356804,87.2764463234595,88.12278551576733,86.44620912228145,7455.0,1112.0,0.0,0.0
45400.0,0.297468,4.494182765483863E-10,45400.0,87.86343612334801,74.23707767928191,74.66666666666666,69.61508768059997,87.27677012143769,88.12293997297964,86.44669582079135,7555.0,1112.0,0.0,0.0
45500.0,0.298008,4.5023411512374946E-10,45500.0,87.86153846153846,74.23574972080308,74.66629971102242,69.61711959511496,87.27585428345994,88.12061133655652,86.44713975323882,7655.0,1112.0,0.0,0.0
45600.0,0.298584,4.5110434293747016E-10,45600.0,87.87280701754386,74.26028765371805,74.68760012816405,69.64207290294247,87.28698531999811,88.12851719811263,86.46137286441368,7755.0,1112.0,0.0,0.0
45700.0,0.299115,4.5190658420324395E-10,45700.0,87.86652078774617,74.24945038213222,74.67226967523867,69.63806603515305,87.28259034264678,88.1262953880046,86.45488705518699,7855.0,1112.0,0.0,0.0
45800.0,0.299661,4.527314876516667E-10,45800.0,87.86681222707423,74.25597849298269,74.6752950827143,69.65543602905039,87.28573968742111,88.12762927618122,86.45978315278346,7955.0,1112.0,0.0,0.0
45900.0,0.300209,4.535594127244427E-10,45900.0,87.87145969498911,74.27112967439332,74.68164453338184,69.68195185709618,87.29322674906209,88.13358013414745,86.46874753709442,8055.0,1112.0,0.0,0.0
46000.0,0.300752,4.5437978373633563E-10,46000.0,87.87826086956521,74.29277221029272,74.69250669450369,69.71869229933746,87.30378780559856,88.14165627357873,86.48169877837569,8155.0,1112.0,0.0,0.0
46100.0,0.301288,4.551895790629924E-10,46100.0,87.8763557483731,74.29168569166944,74.68864634753861,69.71880587311048,87.30235799613419,88.13696893924777,86.48340543353463,8255.0,1112.0,0.0,0.0
46200.0,0.301831,4.5600995007488533E-10,46200.0,87.87012987012986,74.28572245828464,74.66775155953349,69.72447325769852,87.29938100479208,88.13208798818084,86.4822622306586,8355.0,1112.0,0.0,0.0
46300.0,0.302418,4.568967968225486E-10,46300.0,87.8682505399568,74.2843820518628,74.6639603067208,69.72783616275937,87.29878449022429,88.1310007661724,86.48213833309562,8455.0,1112.0,0.0,0.0
46400.0,0.303024,4.578123490015672E-10,46400.0,87.86853448275862,74.28424176218596,74.66810674587101,69.72353700516352,87.29804513656634,88.12858239840082,86.48301594508891,8555.0,1112.0,0.0,0.0
46500.0,0.303573,4.586417848865198E-10,46500.0,87.8752688172043,74.30489521017066,74.69024959597773,69.75646389872331,87.30781371092095,88.1352407684066,86.49577817781719,8655.0,1112.0,0.0,0.0
46600.0,0.304222,4.596223019891322E-10,46600.0,87.86909871244634,74.29365591420178,74.66953443563202,69.74416613144936,87.30163352978428,88.12695085423368,86.49163113096822,8755.0,1112.0,0.0,0.0
46700.0,0.304801,4.604970622393827E-10,46700.0,87.88008565310493,74.31978625192295,74.70617151539527,69.77625887755646,87.313892496563,88.13635128843426,86.50664160739899,8855.0,1112.0,0.0,0.0
46800.0,0.305356,4.6133556299739483E-10,46800.0,87.89102564102565,74.3475702791996,74.73135060418247,69.81463726430171,87.32727445718741,88.14725476717177,86.52240909841355,8955.0,1112.0,0.0,0.0
46900.0,0.305899,4.6215593400928777E-10,46900.0,87.88486140724947,74.34268398972787,74.72644782492661,69.8167330677291,87.32328891747478,88.13678383154082,86.524673641439,9055.0,1112.0,0.0,0.0
47000.0,0.306443,4.629778158333573E-10,47000.0,87.88510638297873,74.34871468243215,74.72366493541085,69.83311258278147,87.32620946555497,88.13803681486543,86.5292008830022,9155.0,1112.0,0.0,0.0
47100.0,0.306988,4.6380120846960343E-10,47100.0,87.8895966029724,74.36424651218658,74.73535013509323,69.8615660995456,87.33389308262393,88.144002258515,86.5385393096317,9255.0,1112.0,0.0,0.0
47200.0,0.30754,4.646351767910858E-10,47200.0,87.88347457627118,74.35556414150726,74.72153465346534,69.85398766538398,87.3283776321392,88.13402937085998,86.53732173446498,9355.0,1112.0,0.0,0.0
47300.0,0.308072,4.6543892886903616E-10,47300.0,87.89006342494716,74.37776927174346,74.74760834104838,69.89224704336401,87.3389312480927,88.14100634166653,86.55132213535404,9455.0,1112.0,0.0,0.0
47400.0,0.308615,4.662592998809291E-10,47400.0,87.89873417721519,74.40300004088004,74.76129713556561,69.93237930492215,87.35117488707584,88.15054152077451,86.56617559851172,9555.0,1112.0,0.0,0.0
47500.0,0.30916,4.670826925171752E-10,47500.0,87.90315789473684,74.41404881377827,74.77501207252293,69.94298268556781,87.35546577828471,88.15098374936169,86.57417768314588,9655.0,1112.0,0.0,0.0
47600.0,0.309703,4.679030635290682E-10,47600.0,87.91176470588236,74.43788993663803,74.79521661045163,69.97808619430242,87.36673552646434,88.15907625173108,86.5885104577268,9755.0,1112.0,0.0,0.0
47700.0,0.310236,4.687083264191951E-10,47700.0,87.9119496855346,74.44003957872026,74.79344262295082,69.9796949029,87.36687282638425,88.15612462322284,86.59162779243508,9855.0,1112.0,0.0,0.0
47800.0,0.310779,4.695286974310881E-10,47800.0,87.918410041841,74.46385095358914,74.80036654012304,70.02335842200881,87.37822949516747,88.16340942021755,86.60691167898817,9955.0,1112.0,0.0,0.0
47900.0,0.31132,4.703460468186278E-10,47900.0,87.92901878914405,74.4895480215534,74.8236523556562,70.05851587178293,87.3909149272083,88.1749127937722,86.62073585968801,10055.0,1112.0,0.0,0.0
48000.0,0.311878,4.711890800131698E-10,48000.0,87.93333333333334,74.4998399828637,74.83271052402884,70.0687302981758,87.39516059449184,88.17636686616459,86.62767509368491,10155.0,1112.0,0.0,0.0
48100.0,0.312491,4.721152078774246E-10,48100.0,87.93347193347194,74.50130178517355,74.82214124587887,70.06858852044762,87.39498114208611,88.1733175765651,86.63026576079548,10255.0,1112.0,0.0,0.0
48200.0,0.313051,4.729612626963198E-10,48200.0,87.93360995850622,74.50689402640418,74.83231641351854,70.08692074268373,87.39828620780922,88.17670548667738,86.63349035030797,10355.0,1112.0,0.0,0.0
48300.0,0.313611,4.73807317515215E-10,48300.0,87.9296066252588,74.49958363601091,74.8153267959739,70.07647692860442,87.39371033058117,88.16919267904967,86.6317503851705,10455.0,1112.0,0.0,0.0
48400.0,0.314168,4.746488398975804E-10,48400.0,87.92561983471074,74.49571027429262,74.82119775958638,70.07986893303297,87.39169208060636,88.16573724195209,86.63111998824311,10555.0,1112.0,0.0,0.0
48500.0,0.314709,4.754661892851201E-10,48500.0,87.9340206185567,74.51476625695932,74.8344370860927,70.10319811995504,87.40093222874722,88.17391971177868,86.64137994358308,10655.0,1112.0,0.0,0.0
48600.0,0.315251,4.762850494848365E-10,48600.0,87.95061728395062,74.5504245547455,74.8637163583294,70.14225258756946,87.41793977709258,88.18862819803165,86.66060489043738,10755.0,1112.0,0.0,0.0
48700.0,0.315798,4.771114637454358E-10,48700.0,87.95277207392196,74.55657825262928,74.87473769859963,70.15160765160765,87.42084906185174,88.19067606125262,86.66434558443234,10855.0,1112.0,0.0,0.0
48800.0,0.316371,4.779771591226267E-10,48800.0,87.95286885245902,74.56004285206807,74.87392084793574,70.15887518400082,87.4219616400874,88.18919963541525,86.66795830561496,10955.0,1112.0,0.0,0.0
48900.0,0.316913,4.78796019322343E-10,48900.0,87.95296523517382,74.56614033577112,74.87846481876332,70.17517213446737,87.42465196110187,88.18936695454683,86.67308507752199,11055.0,1112.0,0.0,0.0
49000.0,0.317458,4.796194119585892E-10,49000.0,87.95510204081633,74.57356657296826,74.87762312178096,70.18589614063447,87.42762198072457,88.1895072733149,86.67878806782198,11155.0,1112.0,0.0,0.0
49100.0,0.318007,4.804488478435417E-10,49100.0,87.95519348268839,74.57908032350672,74.88534058094105,70.20054419026502,87.43003114576572,88.18956947229802,86.6834642471375,11255.0,1112.0,0.0,0.0
49200.0,0.318554,4.81275262104141E-10,49200.0,87.95121951219512,74.57413514053748,74.88029153777703,70.20207097617372,87.42777786273446,88.18701283325456,86.68150437748649,11355.0,1112.0,0.0,0.0
49300.0,0.319093,4.820895898673275E-10,49300.0,87.95537525354969,74.58825513071223,74.89748467554428,70.22812735021307,87.43478764764598,88.19254970416881,86.689936244789,11455.0,1112.0,0.0,0.0
49400.0,0.319638,4.829129825035737E-10,49400.0,87.9493927125506,74.58121869295067,74.89350934165579,70.22308923569429,87.42964214445651,88.1813020789276,86.69068824483004,11555.0,1112.0,0.0,0.0
49500.0,0.320186,4.837409075763496E-10,49500.0,87.96363636363637,74.61665862180774,74.92529775682843,70.27242790140706,87.44693728024775,88.1961572714705,86.71033920626282,11655.0,1112.0,0.0,0.0
49600.0,0.320736,4.845718542734787E-10,49600.0,87.96975806451613,74.63510173876159,74.94225843026918,70.30456852791878,87.45625734506083,88.20439579955546,86.72070338075048,11755.0,1112.0,0.0,0.0
49700.0,0.321337,4.854798523916144E-10,49700.0,87.96579476861167,74.63078943557194,74.93609353392281,70.3043543021697,87.45348536937087,88.19879841971887,86.72066311878099,11855.0,1112.0,0.0,0.0
49800.0,0.32192,4.863606558905713E-10,49800.0,87.9718875502008,74.64704296922594,74.96133428081761,70.32890826233405,87.46145657993407,88.20551363444729,86.72984749781875,11955.0,1112.0,0.0,0.0
49900.0,0.322472,4.871946242120536E-10,49900.0,87.96593186372745,74.63877815612796,74.94157903521949,70.32516307570666,87.45684097927027,88.19836363378018,86.72768298745781,12055.0,1112.0,0.0,0.0
50000.0,0.323063,4.880875142084232E-10,50000.0,87.964,74.64061200386672,74.94066208619611,70.33860712701463,87.45782283571654,88.19798382538535,86.72998138097319,12155.0,1112.0,0.0,0.0
